00076,AALTO
98570,AAPAJÄRVI
95620,AAVASAKSA
00064,ADMINISTER
89730,AHJOLA
71760,AHKIONLAHTI
29700,AHLAINEN
91660,AHMAS
83950,AHMOVAARA
43610,AHO
92920,AHOKYLÄ
98770,AHOLANVAARA
54490,AHOMÄKI
83480,AHONKYLÄ
52980,AHVENAINEN
81260,AHVENINEN
07960,AHVENKOSKI
58140,AHVENSALMI
98630,AHVENSELKÄ
46950,AHVIO
25550,AIJALA
71490,AIRAKSELA
36720,AITOO
74740,AITTOJÄRVI
37800,AKAA
37830,AKAA
37960,AKAA
37910,AKAA
37900,AKAA
37801,AKAA
37911,AKAA
38910,ALA-HONKAJOKI
62901,ALAJÄRVI
62900,ALAJÄRVI
97470,ALAKYLÄ
73850,ALA-LUOSTA
95255,ALANIEMI
49960,ALA-PIHLAJA
71910,ALAPITKÄ
62620,ALA-SEPPÄ
93187,ALA-SIURUA
39780,ALASKYLÄ
63780,ALASTAIPALE
32440,ALASTARO
32441,ALASTARO
58690,ALA-SÄRKILAHTI
91930,ALA-TEMMES
61640,ALA-VALLI
68410,ALAVETELI
85200,ALAVIESKA
85201,ALAVIESKA
68240,ALA-VIIRRE
89830,ALA-VUOKKI
63301,ALAVUS
63300,ALAVUS
63400,ALAVUS AS
00081,A-LEHDET
39990,ALKKIA
86460,ALPUA
44860,ALVAJÄRVI
14680,ALVETTULA
97980,ANETJÄRVI
25230,ANGELNIEMI
46910,ANJALA
86530,ANNONEN
10480,ANTSKOG
07130,ANTTILA
52100,ANTTOLA
91310,ARKALA
92210,ARKKUKARI
17530,ARRAKOSKI
16201,ARTJÄRVI
16200,ARTJÄRVI
16230,ARTJÄRVI KK
17320,ASIKKALA
99550,ASKA
21240,ASKAINEN
07590,ASKOLA
07230,ASKOLA
07680,ASKOLA
07510,ASKOLA
07231,ASKOLA
07500,ASKOLA
07580,ASKOLA
07530,ASKOLA
42520,ASUNTA
60060,ATRIA
60061,ATRIA
21381,AURA
21380,AURA
21370,AURA KK
39770,AURESKOSKI
97655,AUTTI
17610,AUTTOINEN
21860,AUVAINEN
00028,AZETS
10270,BARÖSUND
00026,BASWARE
66220,BERGÖ
66660,BERTBY
25860,BJÖRKBODA
65870,BJÖRKÖBY
10440,BOLLSTA
68555,BOSUND
01190,BOX
10570,BROMARV
22920,BRÄNDÖ
68830,BÄCKBY
64240,BÖLE
00068,CARUNA
00074,CGI
64320,DAGSMARK
00075,DANSKE BANK
10160,DEGERBY
00036,DINERS CLUB
01044,DNA
02066,DOCUSCAN
25870,DRAGSFJÄRD
10640,DRAGSVIK
10641,DRAGSVIK
22270,ECKERÖ
68870,EDSEVÖ
00102,EDUSKUNTA
31370,EERIKKILÄN URHEILUOPISTO
62350,EKOLA
72220,ELIAKSELA
47200,ELIMÄKI
47201,ELIMÄKI
00061,ELISA
00041,ELO
00065,ELÄKETURVAKESKUS
44910,ELÄMÄJÄRVI
22220,EMKARBY
06950,EMÄSALO
22830,ENKLINGE
81201,ENO
81200,ENO
58175,ENONKOSKI
99400,ENONTEKIÖ
99401,ENONTEKIÖ
46450,ENÄJÄRVI
35220,ERÄJÄRVI
69150,ESKOLA
02760,ESPOO
02140,ESPOO
02320,ESPOO
02380,ESPOO
02130,ESPOO
02771,ESPOO
02151,ESPOO
02280,ESPOO
02240,ESPOO
02660,ESPOO
02120,ESPOO
02211,ESPOO
02621,ESPOO
02101,ESPOO
02921,ESPOO
02711,ESPOO
02970,ESPOO
02270,ESPOO
02820,ESPOO
02781,ESPOO
02170,ESPOO
02361,ESPOO
02600,ESPOO
02770,ESPOO
02150,ESPOO
02340,ESPOO
02200,ESPOO
02610,ESPOO
02730,ESPOO
02941,ESPOO
02650,ESPOO
02810,ESPOO
02180,ESPOO
02601,ESPOO
02260,ESPOO
02231,ESPOO
02631,ESPOO
02210,ESPOO
02680,ESPOO
02710,ESPOO
02750,ESPOO
02131,ESPOO
02300,ESPOO
02720,ESPOO
02980,ESPOO
02780,ESPOO
02160,ESPOO
02360,ESPOO
02620,ESPOO
02100,ESPOO
02761,ESPOO
02321,ESPOO
02241,ESPOO
02661,ESPOO
02201,ESPOO
02171,ESPOO
02330,ESPOO
02920,ESPOO
02230,ESPOO
02630,ESPOO
02271,ESPOO
02940,ESPOO
02110,ESPOO
02860,ESPOO
02740,ESPOO
02290,ESPOO
02611,ESPOO
02250,ESPOO
02070,ESPOON KAUPUNKI
14770,ETELÄINEN
29740,ETELÄMAA
79885,ETELÄ-PETRUMA
95655,ETELÄ-PORTIMOJÄRVI
68560,EUGMO
27510,EURA
27511,EURA
27130,EURAJOKI
27100,EURAJOKI
27110,EURAJOKI
27160,EURAJOKI
27150,EURAJOKI
27101,EURAJOKI
27170,EURAJOKI
00037,EUROCARD
62501,EVIJÄRVI
62500,EVIJÄRVI
02550,EVITSKOG
16970,EVO
10250,FAGERVIK
00017,FENNIA
95210,FILPUS
00034,FIMEA
33013,FIMLAB
01053,FINNAIR
10470,FISKARI
22930,FISKÖ
68920,FORSBY
30420,FORSSA
30100,FORSSA
30300,FORSSA
30421,FORSSA
30101,FORSSA
30102,FORSSA
00048,FORTUM
00012,FUJITSU
22710,FÖGLÖ
25640,FÖRBY
00031,GE
22340,GETA
22411,GODBY
22410,GODBY
22130,GOTTBY
07350,GÄDDRAG
85800,HAAPAJÄRVI
85801,HAAPAJÄRVI
58410,HAAPAKALLIO
47310,HAAPA-KIMOLA
77520,HAAPAKOSKI
66460,HAAPALA
81295,HAAPALAHTI
61180,HAAPALUOMA
42800,HAAPAMÄKI
40820,HAAPANIEMI
59320,HAAPAOJA
86601,HAAPAVESI
86600,HAAPAVESI
04480,HAARAJOKI
82395,HAARAJÄRVI
71745,HAATALA
42330,HAAVISTO
90480,HAILUOTO
25240,HAJALA
66330,HAKKO
63680,HAKOJÄRVI
24801,HALIKKO
24800,HALIKKO
24910,HALIKKO AS
07190,HALKIA
31830,HALKIVAHA
77240,HALKOKUMPU
60560,HALKOSAARI
35601,HALLI
35600,HALLI
52850,HALMENIEMI
90860,HALOSENNIEMI
69510,HALSUA
73350,HALUNA
06650,HAMARI
49401,HAMINA
49460,HAMINA
49400,HAMINA
49461,HAMINA
49420,HAMINA
22240,HAMMARLAND
82200,HAMMASLAHTI
82201,HAMMASLAHTI
71890,HAMULA
52340,HANGASTENMAA
10940,HANGONKYLÄ
61460,HANHIKOSKI
99190,HANHIMAA
41520,HANKASALMI
41521,HANKASALMI
41500,HANKASALMI AS
10901,HANKO
10900,HANKO
10960,HANKO POHJOINEN
41550,HANNULA
38740,HAPUOJA
83460,HARINJÄRVI
61860,HARJA
71870,HARJAMÄKI
29201,HARJAVALTA
29200,HARJAVALTA
45330,HARJU
51420,HARJUMAA
28260,HARJUNPÄÄ
17840,HARJUNSALMI
17780,HARMOINEN
27450,HAROLA
66290,HARRSTRÖM
19600,HARTOLA
19601,HARTOLA
19480,HARTOSENPÄÄ
13330,HARVIALA
47830,HASULA
51820,HATSOLA
82967,HATTU
13880,HATTULA
81650,HATTUVAARA
52150,HAUHALA
14700,HAUHO
38490,HAUKIJÄRVI
37740,HAUKILA
90840,HAUKIPUDAS
90831,HAUKIPUDAS
90830,HAUKIPUDAS
82830,HAUKIVAARA
51600,HAUKIVUORI
51601,HAUKIVUORI
62730,HAUKKALA
12210,HAUSJÄRVI
98995,HAUTAJÄRVI
63890,HAUTAKYLÄ
04840,HAUTJÄRVI
21890,HAVERI
41750,HAVUMÄKI
40011,HEEROS PALVELUT
07850,HEIKINKYLÄ
64840,HEIKKILÄNJOKI
52330,HEIMARI
49200,HEINLAHTI
18130,HEINOLA
18101,HEINOLA
18100,HEINOLA
18120,HEINOLA
18200,HEINOLA
18150,HEINOLA
18300,HEINOLA KK
82490,HEINONIEMI
74630,HEINÄKYLÄ
16330,HEINÄMAA
82110,HEINÄVAARA
79700,HEINÄVESI
79701,HEINÄVESI
54770,HEITUINLAHTI
00090,Helen
62130,HELLANMAA
65520,HELSINGBY
00099,HELSINGIN KAUPUNKI
00014,HELSINGIN YLIOPISTO
00900,HELSINKI
00331,HELSINKI
00511,HELSINKI
00650,HELSINKI
00760,HELSINKI
00800,HELSINKI
00210,HELSINKI
00920,HELSINKI
00350,HELSINKI
00521,HELSINKI
00670,HELSINKI
00771,HELSINKI
00191,HELSINKI
00320,HELSINKI
00500,HELSINKI
00630,HELSINKI
00720,HELSINKI
00141,HELSINKI
00260,HELSINKI
00410,HELSINKI
00390,HELSINKI
00570,HELSINKI
00130,HELSINKI
00940,HELSINKI
00241,HELSINKI
00371,HELSINKI
00971,HELSINKI
00280,HELSINKI
00421,HELSINKI
00581,HELSINKI
00861,HELSINKI
00170,HELSINKI
00300,HELSINKI
00610,HELSINKI
00310,HELSINKI
00441,HELSINKI
00621,HELSINKI
00360,HELSINKI
00531,HELSINKI
00680,HELSINKI
00781,HELSINKI
00101,HELSINKI
00201,HELSINKI
00910,HELSINKI
00341,HELSINKI
00520,HELSINKI
00661,HELSINKI
00770,HELSINKI
00190,HELSINKI
00560,HELSINKI
00810,HELSINKI
00921,HELSINKI
00230,HELSINKI
00880,HELSINKI
00180,HELSINKI
00290,HELSINKI
00431,HELSINKI
00601,HELSINKI
00551,HELSINKI
00690,HELSINKI
00211,HELSINKI
00711,HELSINKI
00140,HELSINKI
00820,HELSINKI
00950,HELSINKI
00251,HELSINKI
00381,HELSINKI
00701,HELSINKI
00730,HELSINKI
00840,HELSINKI
00151,HELSINKI
00970,HELSINKI
00271,HELSINKI
00420,HELSINKI
00400,HELSINKI
00580,HELSINKI
00741,HELSINKI
00860,HELSINKI
00161,HELSINKI
00981,HELSINKI
00330,HELSINKI
00510,HELSINKI
00641,HELSINKI
00751,HELSINKI
00870,HELSINKI
00171,HELSINKI
00301,HELSINKI
00440,HELSINKI
00620,HELSINKI
00351,HELSINKI
00530,HELSINKI
00671,HELSINKI
00780,HELSINKI
00100,HELSINKI
00200,HELSINKI
00121,HELSINKI
00931,HELSINKI
00240,HELSINKI
00002,HELSINKI
00401,HELSINKI
00340,HELSINKI
00660,HELSINKI
00761,HELSINKI
00181,HELSINKI
00750,HELSINKI
00721,HELSINKI
00830,HELSINKI
00150,HELSINKI
00270,HELSINKI
00411,HELSINKI
00960,HELSINKI
00391,HELSINKI
00561,HELSINKI
00700,HELSINKI
00370,HELSINKI
00550,HELSINKI
00990,HELSINKI
00710,HELSINKI
00131,HELSINKI
00250,HELSINKI
00941,HELSINKI
00380,HELSINKI
00740,HELSINKI
00850,HELSINKI
00160,HELSINKI
00281,HELSINKI
00430,HELSINKI
00980,HELSINKI
00600,HELSINKI
00321,HELSINKI
00501,HELSINKI
00640,HELSINKI
00790,HELSINKI
00791,HELSINKI
00811,HELSINKI
00120,HELSINKI
00930,HELSINKI
00231,HELSINKI
00220,HELSINKI
00540,HELSINKI
00590,HELSINKI
00890,HELSINKI
00232,HELSINKI
00221,HELSINKI
74420,HERNEJÄRVI
63540,HERNESMAA
16500,HERRALA
39180,HERTTUALA
93160,HETEJÄRVI
21510,HEVONPÄÄ
44170,HIETAMA
23140,HIETAMÄKI
16260,HIETANA
52510,HIETANEN
12170,HIETOINEN
86850,HIIDENNIEMI
51520,HIIROLA
88460,HIISIJÄRVI
47460,HIISIÖ
25940,HIITTINEN
12240,HIKIÄ
68150,HILLILÄ
47910,HILLOSENSALMI
58850,HILTULA
70870,HILTULANLAHTI
70871,HILTULANLAHTI
68100,HIMANKA
27600,HINNERJOKI
07110,HINTHAARA
35320,HIRSILÄ
31460,HIRSJÄRVI
97130,HIRVAS
98760,HIRVASVAARA
52551,HIRVENSALMI
52550,HIRVENSALMI
04680,HIRVIHAARA
62260,HIRVIJOKI
61630,HIRVIJÄRVI
62290,HIRVIKYLÄ
71650,HIRVILAHTI
66970,HIRVLAX
58520,HIUKKAJOKI
41260,HOIKANKYLÄ
89430,HOIKKA
82760,HOILOLA
62940,HOISKO
35260,HOIVAMÄKI
15871,HOLLOLA
15860,HOLLOLA
15870,HOLLOLA
15880,HOLLOLA
16710,HOLLOLA KK
38950,HONKAJOKI
38951,HONKAJOKI
29640,HONKAKOSKI
74610,HONKARANTA
27650,HONKILAHTI
27640,HONKILAHTI KK
31730,HONKOLA
99270,HORMAKUMPU
29270,HORMISTO
64740,HORO
72380,HORONTAIPALE
83780,HORSMANAHO
21760,HOUTSKARI
00077,HSL
00066,HSY
47760,HUHDASJÄRVI
03150,HUHMARI
62240,HUHMARKOSKI
32770,HUHTAMO
82180,HUHTILAMPI
81450,HUHUS
61350,HUISSI
32701,HUITTINEN
32700,HUITTINEN
54430,HUJAKKALA
83830,HUKKALA
82460,HUMMOVAARA
43640,HUMPPI
31641,HUMPPILA
31640,HUMPPILA
44580,HUOPANANKOSKI
52230,HURISSALO
77320,HURSKAALA
49720,HURTTALA
46930,HURUKSELA
00029,HUS
49510,HUSULA
41970,HUTTULA
51740,HUUHANAHO
49210,HUUTJÄRVI
79620,HUUTOKOSKI
44160,HUUTOMÄKI
19160,HUUTOTÖYRY
60511,HYLLYKALLIO
60510,HYLLYKALLIO
89401,HYRYNSALMI
89400,HYRYNSALMI
95130,HYRYOJA
54310,HYTTI
44330,HYTÖLÄ
05800,HYVINKÄÄ
05831,HYVINKÄÄ
05510,HYVINKÄÄ
05850,HYVINKÄÄ
05460,HYVINKÄÄ
05950,HYVINKÄÄ
05470,HYVINKÄÄ
05720,HYVINKÄÄ
05901,HYVINKÄÄ
05880,HYVINKÄÄ
05820,HYVINKÄÄ
05830,HYVINKÄÄ
05801,HYVINKÄÄ
05620,HYVINKÄÄ
05860,HYVINKÄÄ
05840,HYVINKÄÄ
05900,HYVINKÄÄ
05810,HYVINKÄÄ
05440,HYVINKÄÄ
61940,HYYPPÄ
03870,HYÖNÖLÄ
43170,HÄKKILÄ
16801,HÄMEENKOSKI
16800,HÄMEENKOSKI
39100,HÄMEENKYRÖ
39101,HÄMEENKYRÖ
13210,HÄMEENLINNA
13250,HÄMEENLINNA
13101,HÄMEENLINNA
13110,HÄMEENLINNA
13130,HÄMEENLINNA
13300,HÄMEENLINNA
13220,HÄMEENLINNA
13430,HÄMEENLINNA
13100,HÄMEENLINNA
13270,HÄMEENLINNA
13501,HÄMEENLINNA
13530,HÄMEENLINNA
13211,HÄMEENLINNA
13200,HÄMEENLINNA
13600,HÄMEENLINNA
13111,HÄMEENLINNA
13102,HÄMEENLINNA
13131,HÄMEENLINNA
13500,HÄMEENLINNA
51340,HÄNNILÄ
31450,HÄNTÄLÄ
64460,HÄRKMERI
51940,HÄRKÄLÄ
07780,HÄRKÄPÄÄ
62301,HÄRMÄ
62300,HÄRMÄ
88740,HÄRMÄNKYLÄ
25960,HÖGSÅRA
75990,HÖLJÄKKÄ
41220,HÖYTIÄ
00025,IF
20025,IF
58180,IHAMANIEMI
27320,IHODE
91100,II
91101,II
91110,II AS
93277,IINATTIJÄRVI
00030,IIRIS
74120,IISALMI
74130,IISALMI
74510,IISALMI
74101,IISALMI
74121,IISALMI
74160,IISALMI
74170,IISALMI
74100,IISALMI
74140,IISALMI
74150,IISALMI
74520,IISALMI
74102,IISALMI
77800,IISVESI
14500,IITTALA
47520,IITTI
88760,IIVANTIIRA
39501,IKAALINEN
39500,IKAALINEN
03810,IKKALA
61880,IKKELÄJÄRVI
93180,IKOSENNIEMI
60801,ILMAJOKI
60800,ILMAJOKI
00018,ILMARINEN
21350,ILMARINEN
44530,ILMOLAHTI
07280,ILOLA
82900,ILOMANTSI
82901,ILOMANTSI
36640,ILTASMÄKI
61760,ILVESJOKI
86360,ILVESKORPI
55700,IMATRA
55910,IMATRA
55510,IMATRA
55101,IMATRA
55121,IMATRA
55801,IMATRA
55420,IMATRA
55100,IMATRA
55120,IMATRA
55400,IMATRA
55800,IMATRA
55610,IMATRA
55102,IMATRA
97765,IMPIÖ
99871,INARI
99870,INARI
07810,INGERMANINKYLÄ
93470,INGET
63920,INHA
63910,INHAN TEHTAAT
23390,INIÖ
46900,INKEROINEN
46901,INKEROINEN
10211,INKOO
10210,INKOO
10230,INKOO AS
65760,ISKMO
07750,ISNÄS
16960,ISO-EVO
64900,ISOJOKI
64901,ISOJOKI
60640,ISOKOSKI
98400,ISOKYLÄ
61501,ISOKYRÖ
61500,ISOKYRÖ
61430,ISOREHTO
17450,ISO-ÄINIÖ
01055,ISS
44350,ISTUNMÄKI
00042,ITAPSA
34550,ITÄ-AURE
72140,ITÄ-KARTTULA
95370,ITÄKOSKI
62660,ITÄKYLÄ
79350,ITÄ-SOISALO
99800,IVALO
99801,IVALO
47710,JAALA
91740,JAALANKA
97170,JAATILA
07320,JAKARI
91210,JAKKUKYLÄ
66450,JAKKULA
81220,JAKOKOSKI
61600,JALASJÄRVI
61601,JALASJÄRVI
61250,JALASTO
81810,JAMALI
14240,JANAKKALA
95720,JARHOINEN
93350,JAURAKKAJÄRVI
99770,JEESIÖ
99230,JEESIÖJÄRVI
66850,JEPUA
80130,JOENSUU
80230,JOENSUU
80101,JOENSUU
80161,JOENSUU
80141,JOENSUU
80200,JOENSUU
80220,JOENSUU
80100,JOENSUU
80160,JOENSUU
80140,JOENSUU
80210,JOENSUU
80170,JOENSUU
80260,JOENSUU
80110,JOENSUU
80102,JOENSUU
05401,JOKELA
05400,JOKELA
41210,JOKIHAARA
72510,JOKIJÄRVI
03430,JOKIKUNTA
88440,JOKIKYLÄ
14140,JOKIMAA
12640,JOKINIEMI
31600,JOKIOINEN
31601,JOKIOINEN
61280,JOKIPII
91410,JOKIRINNE
22150,JOMALA
22151,JOMALA
81970,JONGUNJOKI
87970,JORMUA
79601,JOROINEN
79600,JOROINEN
02420,JORVAS
02421,JORVAS
89320,JOUKOKYLÄ
19650,JOUTSA
19651,JOUTSA
54100,JOUTSENO
54101,JOUTSENO
98710,JOUTSIJÄRVI
73500,JUANKOSKI
73501,JUANKOSKI
66470,JUKAJA
39160,JULKUJÄRVI
89610,JUMALISKYLÄ
39170,JUMESNIEMI
97870,JUMISKO
65730,JUNGSUND
95640,JUOKSENKI
42140,JUOKSLAHTI
61950,JUONIKYLÄ
91630,JUORKUNA
97650,JUOTAS
22950,JURMO
93420,JURMU
66301,JURVA
66300,JURVA
97645,JUUJÄRVI
83900,JUUKA
83901,JUUKA
97635,JUUNIEMI
35540,JUUPAJOKI
82580,JUURIKKA
88670,JUURIKKALAHTI
71260,JUURIKKAMÄKI
49340,JUURIKORPI
51901,JUVA
51900,JUVA
62230,JYLHÄ
91710,JYLHÄMÄ
72810,JYLHÄNKYLÄ
74380,JYRKKÄ
40420,JYSKÄ
40400,JYVÄSKYLÄ
40500,JYVÄSKYLÄ
40341,JYVÄSKYLÄ
40660,JYVÄSKYLÄ
40630,JYVÄSKYLÄ
40720,JYVÄSKYLÄ
40340,JYVÄSKYLÄ
40521,JYVÄSKYLÄ
40600,JYVÄSKYLÄ
40101,JYVÄSKYLÄ
40531,JYVÄSKYLÄ
40640,JYVÄSKYLÄ
40320,JYVÄSKYLÄ
40701,JYVÄSKYLÄ
40351,JYVÄSKYLÄ
40321,JYVÄSKYLÄ
40520,JYVÄSKYLÄ
40700,JYVÄSKYLÄ
40200,JYVÄSKYLÄ
40100,JYVÄSKYLÄ
40530,JYVÄSKYLÄ
40250,JYVÄSKYLÄ
40740,JYVÄSKYLÄ
40350,JYVÄSKYLÄ
40620,JYVÄSKYLÄ
40014,JYVÄSKYLÄN YLIOPISTO
38800,JÄMIJÄRVI
34450,JÄMINKIPOHJA
42101,JÄMSÄ
42100,JÄMSÄ
42300,JÄMSÄNKOSKI
42301,JÄMSÄNKOSKI
04390,JÄNIKSENLINNA
70940,JÄNNEVIRTA
77570,JÄPPILÄ
16601,JÄRVELÄ
16600,JÄRVELÄ
04440,JÄRVENPÄÄ
04420,JÄRVENPÄÄ
04400,JÄRVENPÄÄ
04431,JÄRVENPÄÄ
04430,JÄRVENPÄÄ
04401,JÄRVENPÄÄ
04410,JÄRVENPÄÄ
29280,JÄRVIMAA
90940,JÄÄLI
99910,KAAMANEN
07220,KAARENKYLÄ
20780,KAARINA
20781,KAARINA
83340,KAARNALAMPI
26410,KAARO
58720,KAARTILANKOSKI
29310,KAASMARKKU
83330,KAATAMO
73601,KAAVI
73600,KAAVI
51335,KAIHLAMÄKI
89780,KAIKKONEN
61820,KAINASTO
87070,KAINUU
95610,KAINUUNKYLÄ
46400,KAIPIAINEN
39195,KAIPIO
42220,KAIPOLA
98560,KAIRALA
71520,KAISLASTENLAHTI
79690,KAITAINEN
54590,KAITJÄRVI
66710,KAITSOR
56410,KAITURINPÄÄ
36570,KAIVANTO
87100,KAJAANI
87400,KAJAANI
87200,KAJAANI
87150,KAJAANI
87500,KAJAANI
87700,KAJAANI
87101,KAJAANI
87300,KAJAANI
87601,KAJAANI
87401,KAJAANI
87250,KAJAANI
87800,KAJAANI
87102,KAJAANI
87900,KAJAANI
83880,KAJOO
85100,KALAJOKI
85101,KALAJOKI
61650,KALAKOSKI
44460,KALANIEMI
23600,KALANTI
23601,KALANTI
23660,KALANTI AS
64210,KALAX
19630,KALHONKYLÄ
17240,KALKKINEN
01180,KALKKIRANTA
98440,KALLAANVAARA
38670,KALLIALA
49750,KALLIOKOSKI
74770,KALLIOKYLÄ
17110,KALLIOLA
74345,KALLIOSUO
58810,KALLISLAHTI
99120,KALLO
64450,KALLTRÄSK
98980,KALLUNKI
43270,KALMARI
51540,KALVITSA
69550,KANALA
43490,KANGASAHO
36201,KANGASALA
36240,KANGASALA
36270,KANGASALA
36200,KANGASALA
36220,KANGASALA
36100,KANGASALA AS
41290,KANGASHÄKKI
85930,KANGASKYLÄ
73990,KANGASLAHTI
79480,KANGASLAMPI
51201,KANGASNIEMI
51200,KANGASNIEMI
62370,KANGASTO
99360,KANGOSJÄRVI
38701,KANKAANPÄÄ
38710,KANKAANPÄÄ
38700,KANKAANPÄÄ
41410,KANKAINEN
91730,KANKARI
07690,KANKKILA
43340,KANNONJÄRVI
43300,KANNONKOSKI
69101,KANNUS
69100,KANNUS
49570,KANNUSJÄRVI
46530,KANNUSKOSKI
77380,KANTALA
31970,KANTEENMAA
07565,KANTELE
95660,KANTOMAANPÄÄ
39940,KANTTI
02460,KANTVIK
25340,KANUNKI
52720,KARANKAMÄKI
99470,KARESUVANTO
39340,KARHE
68220,KARHI
86480,KARHUKANGAS
62160,KARHUNKYLÄ
75710,KARHUNPÄÄ
89560,KARHUVAARA
99950,KARIGASNIEMI
64350,KARIJOKI
19310,KARILANMAA
21840,KARINAINEN
92330,KARINKANTA
10320,KARJAA
10301,KARJAA
10300,KARJAA
97890,KARJALAISENNIEMI
09120,KARJALOHJA
03620,KARKKILA
03600,KARKKILA
03601,KARKKILA
65630,KARPERÖ
86690,KARSIKAS
43501,KARSTULA
43500,KARSTULA
72101,KARTTULA
72100,KARTTULA
21590,KARUNA
62630,KARVALA
39930,KARVIA
39965,KARVIANKYLÄ
58160,KARVILA
79810,KARVIONKANAVA
69570,KARVONEN
17740,KASINIEMI
64260,KASKINEN
25930,KASNÄS
22520,KASTELHOLM
42930,KATAJAMÄKI
81120,KATAJARANTA
88820,KATERMA
13800,KATINALA
63320,KATTELUS
61801,KAUHAJOKI
61800,KAUHAJOKI
61850,KAUHAJOKI AS
62295,KAUHAJÄRVI
62201,KAUHAVA
62200,KAUHAVA
04820,KAUKALAMPI
99110,KAUKONEN
95635,KAULINRANTA
02700,KAUNIAINEN
02701,KAUNIAINEN
10380,KAUNISLAHTI
74270,KAUPPILANMÄKI
66680,KAURAJÄRVI
82670,KAURILA
47400,KAUSALA
47401,KAUSALA
82770,KAUSTAJÄRVI
69601,KAUSTINEN
69600,KAUSTINEN
62520,KAUTIAINEN
27501,KAUTTUA
27500,KAUTTUA
32920,KAUVATSA
32910,KAUVATSA AS
31750,KEHRO
44760,KEIHÄRINKOSKI
63830,KEISALA
72601,KEITELE
72600,KEITELE
44740,KEITELEPOHJA
34430,KEKKONEN
00056,KELA
40056,KELA
97785,KELANKYLÄ
90820,KELLO
04501,KELLOKOSKI
04500,KELLOKOSKI
98920,KELLOSELKÄ
99290,KELONTEKEMÄ
46860,KELTAKANGAS
99620,KELUJÄRVI
81570,KELVÄ
94900,KEMI
94800,KEMI
94600,KEMI
94720,KEMI
94101,KEMI
94300,KEMI
94700,KEMI
94100,KEMI
94830,KEMI
94200,KEMI
94102,KEMI
98101,KEMIJÄRVI
98100,KEMIJÄRVI
98999,KEMIJÄRVI
98310,KEMIJÄRVI
98120,KEMIJÄRVI
94400,KEMINMAA
94450,KEMINMAA
94401,KEMINMAA
25701,KEMIÖ
25700,KEMIÖ
90440,KEMPELE
90451,KEMPELE
90450,KEMPELE
90441,KEMPELE
04260,KERAVA
04251,KERAVA
04220,KERAVA
04201,KERAVA
04261,KERAVA
04230,KERAVA
04250,KERAVA
04200,KERAVA
58201,KERIMÄKI
58200,KERIMÄKI
79660,KERISALO
06530,KERKKOO
77930,KERKONJOENSUU
79910,KERMA
99660,KERSILÖ
82120,KESKIJÄRVI
00016,KESKO
66360,KESTI
92700,KESTILÄ
59800,KESÄLAHTI
25430,KETTULA
42720,KEURUU
42700,KEURUU
42721,KEURUU
42701,KEURUU
00087,KEVA
89740,KIANTA
97390,KIERINKI
95950,KIHLANKI
39820,KIHNIÖ
39880,KIHNIÖ AS
82140,KIIHTELYSVAARA
25390,KIIKALA
25760,KIILA
90901,KIIMINKI
90900,KIIMINKI
99250,KIISTALA
05250,KILJAVA
34980,KILLINKOSKI
99490,KILPISJÄRVI
86350,KILPUA
39530,KILVAKKALA
43520,KIMINKI
66810,KIMO
47650,KIMOLA
47350,KIMONKYLÄ
83825,KINAHMO
40930,KINKOMAA
82850,KINNASNIEMI
43900,KINNULA
43901,KINNULA
71730,KINNULANLAHTI
41920,KINTAUS
93140,KIPINÄ
21610,KIRJALA
59410,KIRJAVALA
02401,KIRKKONUMMI
02400,KIRKKONUMMI
02410,KIRKKONUMMI
02480,KIRKKONUMMI
25460,KISKO
25470,KISKO
82501,KITEE
82500,KITEE
82510,KITEENLAHTI
61470,KITINOJA
99100,KITTILÄ
99101,KITTILÄ
27401,KIUKAINEN
27400,KIUKAINEN
74701,KIURUVESI
74700,KIURUVESI
88350,KIVESJÄRVI
58650,KIVIAPAJA
43800,KIVIJÄRVI
69910,KIVIKANGAS
81430,KIVILAHTI
90810,KIVINIEMI
41730,KIVISUO
97670,KIVITAIPALE
49860,KLAMILA
01801,KLAUKKALA
01800,KLAUKKALA
01820,KLAUKKALA
01840,KLAUKKALA
25540,KNAAPILA
64930,KODESJÄRVI
27310,KODISJOKI
75970,KOHTAVAARA
31130,KOIJÄRVI
51880,KOIKKALA
52730,KOIRAKIVI
74490,KOIRAKOSKI
09630,KOISJÄRVI
59130,KOITSANLAHTI
19540,KOITTI
95355,KOIVU
51360,KOIVULA
66531,KOIVULAHTI
66530,KOIVULAHTI
32250,KOJONKULMA
32260,KOJONPERÄ
32801,KOKEMÄKI
32800,KOKEMÄKI
82865,KOKINVAARA
93195,KOKKOKYLÄ
67101,KOKKOLA
67900,KOKKOLA
67701,KOKKOLA
67300,KOKKOLA
67410,KOKKOLA
67100,KOKKOLA
67400,KOKKOLA
67200,KOKKOLA
67700,KOKKOLA
68999,KOKKOLA
67800,KOKKOLA
67500,KOKKOLA
67600,KOKKOLA
67102,KOKKOLA
83550,KOKONVAARA
95900,KOLARI
95901,KOLARI
35990,KOLHO
83960,KOLI
43250,KOLKANLAHTI
42840,KOLKKI
58920,KOLKONTAIPALE
26560,KOLLA
80020,KOLLEKTOR SCAN
79630,KOLMA
68800,KOLPPI
39360,KOMI
66820,KOMOSSA
44401,KONGINKANGAS
44400,KONGINKANGAS
44300,KONNEVESI
44370,KONNEVESI
54190,KONNUNSUO
79150,KONNUSLAHTI
90910,KONTIO
81100,KONTIOLAHTI
81101,KONTIOLAHTI
80770,KONTIOLAHTI AS
88470,KONTIOMÄKI
80780,KONTIONIEMI
80790,KONTIORANTA
80791,KONTIORANTA
95760,KONTTAJÄRVI
74840,KOPPELOHARJU
92260,KOPSA
88620,KORHOLANMÄKI
45610,KORIA
45611,KORIA
35500,KORKEAKOSKI
32860,KORKEAOJA
12520,KORMU
34740,KORO
73250,KORPIJÄRVI
50770,KORPIKOSKI
41801,KORPILAHTI
41800,KORPILAHTI
21720,KORPOSTRÖM
44970,KORPPINEN
21710,KORPPOO
66230,KORSBÄCK
66201,KORSNÄS
66200,KORSNÄS
71130,KORTEJOKI
26840,KORTELA
62420,KORTESJÄRVI
62421,KORTESJÄRVI
73620,KORTTEINEN
99999,KORVATUNTURI
61330,KOSKENKORVA
07700,KOSKENKYLÄN SAHA
42440,KOSKENPÄÄ
62740,KOSKENVARSI
25560,KOSKI AS
31501,KOSKI TL
31500,KOSKI TL
31850,KOSKIOINEN
61720,KOSKUE
65650,KOSKÖ
62380,KOSOLANKYLÄ
98450,KOSTAMO
71280,KOSULA
42870,KOTALA
79140,KOTALAHTI
98930,KOTALANKYLÄ
25170,KOTALATO
74540,KOTIKYLÄ
89140,KOTILA
54820,KOTIMÄKI
48710,KOTKA
48310,KOTKA
48770,KOTKA
48601,KOTKA
48100,KOTKA
48401,KOTKA
48210,KOTKA
48600,KOTKA
48800,KOTKA
48750,KOTKA
48910,KOTKA
48350,KOTKA
48400,KOTKA
48900,KOTKA
48930,KOTKA
48130,KOTKA
48410,KOTKA
48220,KOTKA
48771,KOTKA
48720,KOTKA
48300,KOTKA
48230,KOTKA
48810,KOTKA
48101,KOTKA
48200,KOTKA
48700,KOTKA
48102,KOTKA
44790,KOTVALA
61160,KOURA
45130,KOUVOLA
45101,KOUVOLA
45200,KOUVOLA
45160,KOUVOLA
45100,KOUVOLA
45150,KOUVOLA
45120,KOUVOLA
45201,KOUVOLA
45102,KOUVOLA
39610,KOVELAHTI
82710,KOVERO
39620,KOVESJOKI
66930,KOVJOKI
64100,KRISTIINANKAUPUNKI
64101,KRISTIINANKAUPUNKI
68501,KRUUNUPYY
68500,KRUUNUPYY
25110,KRUUSILA
07410,KRÅKÖ
07945,KUGGOM
36810,KUHMALAHTI
88900,KUHMO
88901,KUHMO
17801,KUHMOINEN
17800,KUHMOINEN
41140,KUIKKA
81320,KUISMAVAARA
52620,KUITULA
95630,KUIVAKANGAS
95100,KUIVANIEMI
95110,KUIVANIEMI KK
16280,KUIVANTO
99240,KUIVASALMI
39750,KUIVASJÄRVI
63360,KUIVASKYLÄ
41980,KUIVASMÄKI
97380,KUKASRANTA
15270,KUKKILA
43420,KUKKO
63880,KUKONKYLÄ
58430,KULENNOINEN
80910,KULHO
29340,KULLAA
06850,KULLOO
06830,KULLOONKYLÄ
97960,KULOHARJU
37210,KULOVESI
87950,KULUNTALAHTI
21820,KUMILA
22820,KUMLINGE
43720,KUMPULAINEN
44630,KUMPUMÄKI
58260,KUMPURANTA
66580,KUNI
07980,KUNINKAANKYLÄ
14980,KUOHIJOKI
41930,KUOHU
52780,KUOMIOKOSKI
85840,KUONA
70101,KUOPIO
70500,KUOPIO
70401,KUOPIO
70800,KUOPIO
70150,KUOPIO
70421,KUOPIO
70621,KUOPIO
70600,KUOPIO
70280,KUOPIO
70400,KUOPIO
70781,KUOPIO
70211,KUOPIO
70200,KUOPIO
70111,KUOPIO
70821,KUOPIO
70420,KUOPIO
70701,KUOPIO
70620,KUOPIO
70210,KUOPIO
70260,KUOPIO
70100,KUOPIO
70461,KUOPIO
70151,KUOPIO
70110,KUOPIO
70820,KUOPIO
70240,KUOPIO
70501,KUOPIO
70201,KUOPIO
70601,KUOPIO
70300,KUOPIO
70340,KUOPIO
70780,KUOPIO
70460,KUOPIO
70700,KUOPIO
70840,KUOPIO
70801,KUOPIO
62340,KUOPPA
62510,KUOPPA-AHO
83720,KUOREVAARA
35630,KUOREVESI
63101,KUORTANE
63100,KUORTANE
19410,KUORTTI
98850,KUOSKU
51780,KUOSMALA
62710,KUREJOKI
74590,KURENPOLVI
17430,KURHILA
61301,KURIKKA
61300,KURIKKA
79255,KURJALA
34770,KURJENKYLÄ
71480,KURKIMÄKI
71670,KUROLANLAHTI
98600,KURSU
95990,KURTAKKO
34300,KURU
34301,KURU
23360,KUSTAVI
16730,KUTAJÄRVI
51270,KUTEMAJÄRVI
99460,KUTTANEN
54850,KUUKANNIEMI
97780,KUUKASJÄRVI
88940,KUUMU
41370,KUUSA
93601,KUUSAMO
93600,KUUSAMO
93700,KUUSAMO
93800,KUUSAMO
93900,KUUSAMO
45701,KUUSANKOSKI
45700,KUUSANKOSKI
45740,KUUSANKOSKI
45720,KUUSANKOSKI
72630,KUUSELA
21620,KUUSISTO
25330,KUUSJOKI
83630,KUUSJÄRVI
71840,KUUSLAHTI
78880,KUVANSI
29940,KUVASKANGAS
02540,KYLMÄLÄ
91560,KYLMÄLÄNKYLÄ
17950,KYLÄMÄ
56350,KYLÄNIEMI
81820,KYLÄNLAHTI
61450,KYLÄNPÄÄ
47610,KYMENTAKA
44640,KYMÖNKOSKI
97965,KYNSILÄ
21801,KYRÖ
21800,KYRÖ
34150,KYRÖNLAHTI
61960,KYRÖNLATVA
39200,KYRÖSKOSKI
70029,KYS
86650,KYTÖKYLÄ
43701,KYYJÄRVI
43700,KYYJÄRVI
41240,KYYNÄMÖINEN
36930,KYYNÄRÖ
81460,KÄENKOSKI
85210,KÄHTÄVÄ
68300,KÄLVIÄ
34240,KÄMMENNIEMI
64820,KÄRJENKOSKI
37860,KÄRJENNIEMI
16610,KÄRKÖLÄ
44610,KÄRNÄ
06880,KÄRRBY
86710,KÄRSÄMÄKI
44950,KÄRVÄSJÄRVI
83430,KÄSÄMÄ
63430,KÄTKÄNJOKI
99320,KÄTKÄSUVANTO
71720,KÄÄRMELAHTI
52890,KÄÄVÄNKYLÄ
22730,KÖKAR
99140,KÖNGÄS
69660,KÖYHÄJOKI
85980,KÖYHÄNPERÄ
27750,KÖYLIÖ
27860,KÖYLIÖ
27840,KÖYLIÖ
27710,KÖYLIÖ
29760,KÖÖRTILÄ
74390,LAAKAJÄRVI
92650,LAAKKOLA
04330,LAHELA
25420,LAHNAJÄRVI
79680,LAHNALAHTI
44680,LAHNANEN
15141,LAHTI
15111,LAHTI
15500,LAHTI
15170,LAHTI
15950,LAHTI
15701,LAHTI
15240,LAHTI
15840,LAHTI
15100,LAHTI
15320,LAHTI
15810,LAHTI
15200,LAHTI
15151,LAHTI
15520,LAHTI
15210,LAHTI
15700,LAHTI
15610,LAHTI
15300,LAHTI
15801,LAHTI
15901,LAHTI
15110,LAHTI
15830,LAHTI
15140,LAHTI
15150,LAHTI
15501,LAHTI
15850,LAHTI
15800,LAHTI
15230,LAHTI
15900,LAHTI
15241,LAHTI
15680,LAHTI
15101,LAHTI
15340,LAHTI
15820,LAHTI
15160,LAHTI
15102,LAHTI
66400,LAIHIA
66401,LAIHIA
56730,LAIKKO
69310,LAITALA
36660,LAITIKKALA
23800,LAITILA
23801,LAITILA
62170,LAKALUOMA
62840,LAKANIEMI
34110,LAKIALA
54720,LAKSIAINEN
71950,LAMMASAHO
16900,LAMMI
16901,LAMMI
76780,LAMMINMÄKI
54110,LAMPIKANGAS
86440,LAMPINSAARI
29720,LAMPPI
95790,LAMPSIJÄRVI
95770,LANKOJÄRVI
41270,LANNEVESI
92180,LAPALUOTO
07800,LAPINJÄRVI
02520,LAPINKYLÄ
73101,LAPINLAHTI
73100,LAPINLAHTI
39660,LAPINNEVA
62600,LAPPAJÄRVI
62601,LAPPAJÄRVI
53900,LAPPEENRANTA
53100,LAPPEENRANTA
53830,LAPPEENRANTA
53501,LAPPEENRANTA
53400,LAPPEENRANTA
53200,LAPPEENRANTA
53650,LAPPEENRANTA
53810,LAPPEENRANTA
53950,LAPPEENRANTA
53851,LAPPEENRANTA
53301,LAPPEENRANTA
53500,LAPPEENRANTA
53101,LAPPEENRANTA
53130,LAPPEENRANTA
53920,LAPPEENRANTA
53850,LAPPEENRANTA
53420,LAPPEENRANTA
53600,LAPPEENRANTA
53300,LAPPEENRANTA
53550,LAPPEENRANTA
54300,LAPPEENRANTA
54260,LAPPEENRANTA
53102,LAPPEENRANTA
02590,LAPPERS
27260,LAPPI
27230,LAPPI
27250,LAPPI
27220,LAPPI
27231,LAPPI
16670,LAPPILA
22840,LAPPO
10820,LAPPOHJA
62101,LAPUA
62100,LAPUA
64300,LAPVÄÄRTTI
68580,LARSMO
92240,LASIKANGAS
00063,LASKUNET
01051,LASKUT
00021,LASKUTUS
00062,LASKUTUS
29680,LASSILA
31620,LATOVAINIO
32520,LATVA
38970,LAUHALA
41341,LAUKAA
41340,LAUKAA
41350,LAUKAA AS
71170,LAUKKA-AHO
72740,LAUKKALA
41325,LAUKKAVIRTA
07150,LAUKKOSKI
12540,LAUNONEN
51980,LAUTEALA
94500,LAUTIOSAARI
39380,LAVAJÄRVI
38600,LAVIA
38601,LAVIA
81660,LEHMIKYLÄ
80710,LEHMO
61520,LEHMÄJOKI
63501,LEHTIMÄKI
63500,LEHTIMÄKI
63510,LEHTIMÄKI KK
97840,LEHTINIEMI
81235,LEHTOI
43240,LEHTOLA
82960,LEHTOVAARA
29320,LEINEPERI
71660,LEINOLANLAHTI
41770,LEIVONMÄKI
54710,LEMI
22610,LEMLAND
99885,LEMMENJOKI
77630,LEMPYY
37560,LEMPÄÄLÄ
37530,LEMPÄÄLÄ
33881,LEMPÄÄLÄ
37551,LEMPÄÄLÄ
37501,LEMPÄÄLÄ
37550,LEMPÄÄLÄ
33880,LEMPÄÄLÄ
37500,LEMPÄÄLÄ
37570,LEMPÄÄLÄ
21230,LEMU
88930,LENTIIRA
63230,LENTILÄ
14610,LEPAA
91430,LEPPINIEMI
68530,LEPPLAX
99440,LEPPÄJÄRVI
71850,LEPPÄKAARRE
09930,LEPPÄKORPI
12380,LEPPÄKOSKI
41450,LEPPÄLAHTI
63120,LEPPÄLÄNKYLÄ
41310,LEPPÄVESI
79101,LEPPÄVIRTA
79100,LEPPÄVIRTA
19510,LEPSALA
01830,LEPSÄMÄ
92640,LESKELÄ
69440,LESTIJÄRVI
14530,LETEENSUO
31380,LETKU
04940,LEVANTO
62920,LEVIJOKI
51310,LEVÄ
54930,LEVÄNEN
29880,LEVÄSJOKI
95310,LIEDAKKALA
34930,LIEDENPOHJA
81701,LIEKSA
81720,LIEKSA
81700,LIEKSA
21630,LIELAHTI TL
31350,LIESJÄRVI
21420,LIETO
21421,LIETO
21422,LIETO
21360,LIETO AS
41401,LIEVESTUORE
41400,LIEVESTUORE
19470,LIHAVANPÄÄ
46750,LIIKKALA
19740,LIIKOLA
44420,LIIMATTALA
07880,LILJENDAL
21650,LILLANDET
68940,LILLBY
91901,LIMINKA
91900,LIMINKA
91750,LIMINPURO
07840,LINDKOSKI
39810,LINNANKYLÄ
87910,LINNANTAUS
37241,LINNAVUORI
37240,LINNAVUORI
83101,LIPERI
83100,LIPERI
71360,LITMANIEMI
82685,LITTILÄ
20660,LITTOINEN
93220,LIVO
21180,LIVONSAARI
00044,LM INFO
00038,LOGICA
95680,LOHIJÄRVI
38770,LOHIKKO
58620,LOHILAHTI
61370,LOHILUOMA
97420,LOHINIVA
97940,LOHIRANTA
08501,LOHJA
08480,LOHJA
08701,LOHJA
08151,LOHJA
08100,LOHJA
08350,LOHJA
08700,LOHJA
08201,LOHJA
08150,LOHJA
08450,LOHJA
08800,LOHJA
08680,LOHJA
08500,LOHJA
08200,LOHJA
08101,LOHJA
08360,LOHJA
68230,LOHTAJA
32201,LOIMAA
32200,LOIMAA
32210,LOIMAA
43390,LOKAKYLÄ
23450,LOKALAHTI
99645,LOKKA
99160,LOMPOLO
12700,LOPPI
12701,LOPPI
73730,LOSOMÄKI
95340,LOUE
58220,LOUHI
81210,LOUHIOJA
61120,LOUKO
93440,LOUKUSA
07940,LOVIISA
07901,LOVIISA
07920,LOVIISA
07900,LOVIISA
39410,LUHALAHTI
19950,LUHANKA
01810,LUHTAJOKI
81330,LUHTAPOHJA
16510,LUHTIKYLÄ
73670,LUIKONLAHTI
98580,LUIRO
70010,LUJA
71960,LUKKARILA
91980,LUMIJOKI
86470,LUMIMETSÄ
22630,LUMPARLAND
98810,LUNKKAUS
34510,LUODE
92450,LUOHUA
02440,LUOMA
62830,LUOMA-AHO
61810,LUOMANKYLÄ
61230,LUOPA
61270,LUOPAJÄRVI
36760,LUOPIOINEN
99555,LUOSTO
68570,LUOTO
19210,LUSI
54530,LUUMÄKI
51460,LUUSNIEMI
98230,LUUSUA
82870,LUUTALAHTI
29100,LUVIA
29101,LUVIA
35530,LYLY
47540,LYÖTTILÄ
66160,LÅNGÅMINNE
02010,LÄHITAPIOLA
35400,LÄNGELMÄKI
35480,LÄNGELMÄKI
34530,LÄNSI-AURE
63530,LÄNSIKYLÄ
34180,LÄNSI-TEISKO
51430,LÄSÄKOSKI
12600,LÄYLIÄINEN
47110,LÖYTTY
44730,LÖYTÄNÄ
63450,LÖYÄ
00086,MAAHANMUUTTOVIRASTO
21086,MAAHANMUUTTOVIRASTO
53086,MAAHANMUUTTOVIRASTO
15086,MAAHANMUUTTOVIRASTO
65086,MAAHANMUUTTOVIRASTO
33086,MAAHANMUUTTOVIRASTO
70086,MAAHANMUUTTOVIRASTO
90086,MAAHANMUUTTOVIRASTO
88086,MAAHANMUUTTOVIRASTO
96086,MAAHANMUUTTOVIRASTO
17470,MAAKESKI
66100,MAALAHTI
71750,MAANINKA
98780,MAANINKAVAARA
88690,MAANSELKÄ
77460,MAAVESI
43220,MAHLU
51810,MAIVALA
52110,MAJAVESI
58150,MAKKOLA
66640,MAKSAMAA
95230,MAKSNIEMI
16450,MALLUSJOKI
07720,MALMGÅRD
88340,MANAMANSALO
47490,MANKALA
92530,MANKILA
82880,MANNERVAARA
27670,MANNILA
19420,MANSIKKAMÄKI
16790,MANSKIVI
61680,MANTILA
22100,MARIEHAMN
22140,MARIEHAMN
22160,MARIEHAMN
22120,MARIEHAMN
22101,MARIEHAMN
22110,MARIEHAMN
22111,MARIEHAMN
68210,MARINKAINEN
82815,MARJOVAARA
25810,MARK
97320,MARRASJÄRVI
97290,MARRASKOSKI
04150,MARTINKYLÄ
90850,MARTINNIEMI
83855,MARTONVAARA
98830,MARTTI
21490,MARTTILA
74240,MARTTISENJÄRVI
02431,MASALA
02430,MASALA
21250,MASKU
21251,MASKU
25660,MATHILDEDAL
86510,MATKANIVA
31110,MATKU
92230,MATTILANPERÄ
82820,MAUKKULA
95365,MAULA
00057,M-BRAIN
88310,MELALAHTI
59210,MELKONIEMI
95690,MELLAKOSKI
32300,MELLILÄ
97340,MELTAUS
10350,MELTOLA
95675,MELTOSJÄRVI
62760,MENKIJÄRVI
31140,MENONEN
86220,MERIJÄRVI
66510,MERIKAARTO
29901,MERIKARVIA
29900,MERIKARVIA
21160,MERIMASKU
16540,MERTIE
15980,MESSILÄ
00079,METROPOLIA
02020,METSÄ
85120,METSÄ
37850,METSÄKANSA
32280,METSÄKORPI
49540,METSÄKYLÄ
64440,METSÄLÄ
32270,METSÄMAA
07890,MICKELSPILTOM
02014,MICROSOFT
49700,MIEHIKKÄLÄ
86550,MIELUSKYLÄ
19670,MIESKONMÄKI
88380,MIESLAHTI
61360,MIETO
23120,MIETOINEN
56710,MIETTILÄ
50600,MIKKELI
50101,MIKKELI
50970,MIKKELI
50150,MIKKELI
50520,MIKKELI
50170,MIKKELI
50100,MIKKELI
50130,MIKKELI
50190,MIKKELI
50160,MIKKELI
50500,MIKKELI
50120,MIKKELI
50180,MIKKELI
50200,MIKKELI
50300,MIKKELI
50700,MIKKELI
50800,MIKKELI
50102,MIKKELI
59530,MIKKOLANNIEMI
09520,MILLOLA
31630,MINKIÖ
97580,MISI
25730,MJÖSUND
89540,MOISIOVAARA
41840,MOKSI
66210,MOLPE
12130,MOMMILA
70090,MONETRA
79230,MONINMÄKI
26720,MONNANUMMI
77350,MONTOLA
66980,MONÅ
99665,MOSKUVAARA
21770,MOSSALA
97895,MOURUJÄRVI
00033,MTV
46960,MUHNIEMI
43940,MUHOLA
91501,MUHOS
91500,MUHOS
75940,MUJEJÄRVI
42600,MULTIA
42601,MULTIA
60450,MUNAKKA
66950,MUNSALA
99301,MUONIO
99300,MUONIO
19610,MURAKKA
34410,MUROLE
34420,MUROLEEN KANAVA
34640,MUSTAJÄRVI
62280,MUSTAMAA
65610,MUSTASAARI
65611,MUSTASAARI
31310,MUSTIALA
71380,MUSTINLAHTI
10360,MUSTIO
34140,MUTALA
40950,MUURAME
40951,MUURAME
44880,MUURASJÄRVI
49730,MUURIKKALA
25130,MUURLA
97140,MUUROLA
73460,MUURUVESI
77770,MYHINPÄÄ
46801,MYLLYKOSKI
46800,MYLLYKOSKI
63900,MYLLYMÄKI
74680,MYLLYNIEMI
18600,MYLLYOJA
61220,MYLLYSALO
52760,MYNTTILÄ
23101,MYNÄMÄKI
23100,MYNÄMÄKI
64370,MYRKKY
07601,MYRSKYLÄ
07600,MYRSKYLÄ
15460,MÄKELÄ
62185,MÄKI-PAAVOLA
49840,MÄNTLAHTI
04601,MÄNTSÄLÄ
04600,MÄNTSÄLÄ
04620,MÄNTSÄLÄ
35801,MÄNTTÄ
35820,MÄNTTÄ
35800,MÄNTTÄ
52700,MÄNTYHARJU
52701,MÄNTYHARJU
73110,MÄNTYLAHTI
72570,MÄNTYLÄ
25250,MÄRYNUMMI
81850,MÄTÄSVAARA
63130,MÄYRY
69330,MÄÄTTÄLÄ
82980,MÖHKÖ
62990,MÖKSY
81230,MÖNNI
69980,MÖTTÖNEN
64850,MÖYKKY
95710,NAAMIJOKI
21101,NAANTALI
21100,NAANTALI
21110,NAANTALI
76850,NAARAJÄRVI
81470,NAARVA
04350,NAHKELA
87830,NAKERTAJA
29251,NAKKILA
29250,NAKKILA
97520,NAMPA
96930,NAPAPIIRI ROVANIEMI
51860,NARILA
97675,NARKAUS
98960,NARUSKA
21520,NASKARLA
15561,NASTOLA
15550,NASTOLA
15560,NASTOLA
15551,NASTOLA
21660,NAUVO
21661,NAUVO
68840,NEDERLAPPFORS
91780,NEITTÄVÄ
99860,NELLIM
76940,NENONPELTO
73120,NERKOO
00095,NESTE
00050,NETS
77220,NEUVOLA
49490,NEUVOTON
66320,NIEMENKYLÄ
82290,NIEMINEN
41490,NIEMISJÄRVI
74720,NIEMISKYLÄ
32410,NIINIJOKI
16350,NIINIKOSKI
44480,NIINILAHTI
63210,NIINIMAA
79410,NIINIMÄKI
38840,NIINISALO
38841,NIINISALO
73645,NIINIVAARA
72310,NIINIVESI
82675,NIIRALA
82220,NIITTYLAHTI
19320,NIKKAROINEN
73301,NILSIÄ
73300,NILSIÄ
73320,NILSIÄ
56550,NISKA-PIETILÄ
74250,NISSILÄ
85540,NIVALA
85660,NIVALA
85620,NIVALA
85500,NIVALA
85580,NIVALA
85640,NIVALA
85560,NIVALA
85501,NIVALA
85630,NIVALA
25840,NIVELAX
37120,NOKIA
37100,NOKIA
37121,NOKIA
37140,NOKIA
37101,NOKIA
37150,NOKIA
37130,NOKIA
00045,NOKIA GROUP
02022,NOKIA SOLUTIONS AND NETWORKS
97880,NOLIMO
29601,NOORMARKKU
29600,NOORMARKKU
61340,NOPANKYLÄ
00020,NORDEA
00043,NORDIC MORNING
61840,NORINKYLÄ
50350,NOROLA
65920,NORRA VALLGRUND
64530,NORRNÄS
21750,NORRSKATA
21270,NOUSIAINEN
54230,NUIJAMAA
05450,NUKARI
03100,NUMMELA
03101,NUMMELA
04460,NUMMENKYLÄ
09810,NUMMI
61910,NUMMIJÄRVI
61920,NUMMIKOSKI
04660,NUMMINEN
99430,NUNNANEN
83940,NUNNANLAHTI
91790,NUOJUA
19370,NUORAMOINEN
99990,NUORGAM
05430,NUPPULINNA
52960,NURMAA
75501,NURMES
75531,NURMES
75500,NURMES
75530,NURMES
01900,NURMIJÄRVI
01901,NURMIJÄRVI
60550,NURMO
31160,NUUTAJÄRVI
51760,NUUTILANMÄKI
99970,NUVVUS
51670,NYKÄLÄ
17510,NYYSTÖLÄ
89670,NÄLJÄNKÄ
64510,NÄMPNÄS
72360,NÄRHILÄ
64201,NÄRPIÖ
64200,NÄRPIÖ
64230,NÄRPIÖ AS
82590,NÄRSÄKKÄLÄ
66370,NÄRVIJOKI
79330,NÄÄDÄNMAA
99940,NÄÄTÄMÖ
21680,NÖTÖ
04530,OHKOLA
34950,OHTOLA
95160,OIJÄRVI
97610,OIKARAINEN
02510,OITMÄKI
12101,OITTI
12100,OITTI
41880,OITTILA
03250,OJAKKALA
16160,OKKERI
69920,OKSAKOSKI
85820,OKSAVA
33060,OLE
91140,OLHAVA
21560,OLLILA
49780,ONKAMAA
82360,ONKAMO
98970,ONKAMOJÄRVI
19230,ONKINIEMI
88640,ONTOJOKI
80510,ONTTOLA
80511,ONTTOLA
00013,OP
95750,ORAJÄRVI
99560,ORAKYLÄ
66800,ORAVAINEN
66801,ORAVAINEN
66830,ORAVAISTEN TEHDAS
45940,ORAVALA
41630,ORAVASAARI
58130,ORAVI
71470,ORAVIKOSKI
82310,ORAVISALO
16301,ORIMATTILA
16300,ORIMATTILA
31810,ORINIEMI
32500,ORIPÄÄ
61560,ORISBERG
61550,ORISMALA
31960,ORISUO
35301,ORIVESI
35300,ORIVESI
35100,ORIVESI AS
39230,OSARA
82160,OSKOLA
00071,OSTOLASKUT
03300,OTALAMPI
29860,OTAMO
88200,OTANMÄKI
88201,OTANMÄKI
50670,OTAVA
00015,OTAVAMEDIA
91720,OTERMA
86301,OULAINEN
86300,OULAINEN
90400,OULU
90560,OULU
90240,OULU
90140,OULU
90650,OULU
90501,OULU
90520,OULU
90600,OULU
90101,OULU
90571,OULU
90540,OULU
90500,OULU
90800,OULU
90150,OULU
90220,OULU
90250,OULU
90100,OULU
90401,OULU
90570,OULU
90310,OULU
90550,OULU
90530,OULU
90230,OULU
90580,OULU
90651,OULU
90630,OULU
90120,OULU
90420,OULU
90601,OULU
90130,OULU
90410,OULU
90510,OULU
90590,OULU
90620,OULU
90660,OULU
90670,OULU
90015,OULUN KAUPUNKI
90014,OULUN YLIOPISTO
90461,OULUNSALO
90460,OULUNSALO
83501,OUTOKUMPU
83500,OUTOKUMPU
66730,OXKANGAR
90029,OYS
88530,PAAKKI
71240,PAAKKILA
95325,PAAKKOLA
83910,PAALASMAA
62950,PAALIJÄRVI
19260,PAASO
51930,PAATELA
21330,PAATTINEN
92430,PAAVOLA
17500,PADASJOKI
17501,PADASJOKI
63330,PAHAJOKI
91260,PAHKAKOSKI
98620,PAHKAKUMPU
80850,PAIHOLA
49640,PAIJÄRVI
17120,PAIMELA
21531,PAIMIO
21530,PAIMIO
04170,PAIPPINEN
71920,PAJUJÄRVI
75740,PAJUKOSKI
73360,PAJULAHTI
51450,PAJULANKYLÄ
16390,PAKAA
77960,PAKARILA
99330,PALLASTUNTURI
74470,PALOINEN
99450,PALOJOENSUU
01940,PALOJOKI
40270,PALOKKA
40271,PALOKKA
79830,PALOKKI
73810,PALONURMI
98790,PALOPERÄ
88300,PALTAMO
77110,PALTANEN
87850,PALTANIEMI
29350,PALUS
27430,PANELIA
27420,PANELIA AS
81950,PANKAJÄRVI
81750,PANKAKOSKI
52970,PANKALAHTI
61310,PANTTILA
19920,PAPPINEN
21600,PARAINEN
21601,PARAINEN
44190,PARANTALA
86110,PARHALAHTI
59101,PARIKKALA
59100,PARIKKALA
39701,PARKANO
39700,PARKANO
85710,PARKKILA
34320,PARKKUU
58830,PARKUMÄKI
13720,PAROLA
13721,PAROLA
13700,PAROLANNUMMI
13701,PAROLANNUMMI
76280,PARTAHARJU
95860,PASMAJÄRVI
61140,PASTO
69850,PATANA
97310,PATOKOSKI
92140,PATTIJOKI
71460,PAUKARLAHTI
81270,PAUKKAJA
32810,PEIPOHJA
95615,PEKANPÄÄ
97630,PEKKALA
13900,PEKOLA
98500,PELKOSENNIEMI
07370,PELLINKI
95700,PELLO
95701,PELLO
52420,PELLOSNIEMI
92810,PELSONSUO
64760,PELTOLA
62430,PELTOTUPA
99420,PELTOVUOMA
44920,PENINKI
16320,PENNALA
66840,PENSALA
61710,PENTINMÄKI
89770,PERANKA
47450,PERHENIEMI
69950,PERHO
69951,PERHO
62440,PERKIÖMÄKI
62220,PERNAA
07930,PERNAJA
07740,PERNAJAN VANHAKYLÄ
25501,PERNIÖ
25500,PERNIÖ
25520,PERNIÖ AS
97815,PERNU
25370,PERTTELI
25190,PERTTELI
25360,PERTTELI
25180,PERTTELI
01860,PERTTULA
19430,PERTUNMAA
64720,PERÄLÄ
29180,PERÄNKYLÄ
63770,PERÄNNE
97820,PERÄ-POSIO
61100,PERÄSEINÄJOKI
89640,PESIÖKYLÄ
95670,PESSALOMPOLO
99670,PETKULA
66240,PETOLAHTI
66540,PETSMO
62395,PETTERINMÄKI
54950,PETTILÄ
75930,PETÄISKYLÄ
97160,PETÄJÄINEN
72980,PETÄJÄKYLÄ
86210,PETÄJÄSKOSKI
41900,PETÄJÄVESI
41901,PETÄJÄVESI
95350,PEURA
92220,PIEHINKI
76101,PIEKSÄMÄKI
76130,PIEKSÄMÄKI
76100,PIEKSÄMÄKI
76150,PIEKSÄMÄKI
76120,PIEKSÄMÄKI
76102,PIEKSÄMÄKI
73410,PIEKSÄNKOSKI
72400,PIELAVESI
72401,PIELAVESI
72430,PIELAVESI
72350,PIENOLA
68601,PIETARSAARI
68600,PIETARSAARI
68660,PIETARSAARI
68630,PIETARSAARI
68620,PIETARSAARI
17220,PIETILÄ
35610,PIHLAISTO
17850,PIHLAJAKOSKI
58770,PIHLAJALAHTI
42910,PIHLAJAVESI
44801,PIHTIPUDAS
44800,PIHTIPUDAS
21500,PIIKKIÖ
21501,PIIKKIÖ
92620,PIIPPOLA
89760,PIISPAJÄRVI
20761,PIISPANRISTI
20760,PIISPANRISTI
02490,PIKKALA
36280,PIKONLINNA
45810,PILKANMAA
12750,PILPALA
10330,PINJAINEN
39150,PINSIÖ
93290,PINTAMO
58680,PIOJÄRVI
33960,PIRKKALA
33980,PIRKKALA
33950,PIRKKALA
33920,PIRKKALA
33961,PIRKKALA
82840,PIRTTIAHO
35520,PIRTTIKANGAS
86160,PIRTTIKOSKI
66270,PIRTTIKYLÄ
62435,PIRTTINEN
51620,PITKÄAHO
31520,PITKÄJÄRVI
33380,PITKÄNIEMI
64250,PJELAX
19620,POHELA
36840,POHJA
56440,POHJALANKILA
10421,POHJANKURU
10420,POHJANKURU
29750,POHJANSAHA
42850,POHJASLAHTI
97665,POHJASPERÄ
88490,POHJAVAARA
42560,POHJOISJÄRVI
34330,POIKELUS
21130,POIKKO
49411,POITSILA
49410,POITSILA
60760,POJANLUOMA
99195,POKKA
83870,POLVELA
61380,POLVENKYLÄ
83700,POLVIJÄRVI
83701,POLVIJÄRVI
29631,POMARKKU
29630,POMARKKU
02008,POP PANKKI
28360,PORI
28840,PORI
28760,PORI
28220,PORI
28540,PORI
28100,PORI
28190,PORI
28600,PORI
28120,PORI
28610,PORI
28370,PORI
28880,PORI
28330,PORI
28580,PORI
28500,PORI
28101,PORI
28131,PORI
28240,PORI
28361,PORI
28300,PORI
28800,PORI
28660,PORI
28200,PORI
28130,PORI
28430,PORI
28601,PORI
28560,PORI
28102,PORI
28900,PORI
07820,PORLAMMI
07171,PORNAINEN
07170,PORNAINEN
31340,PORRAS
72950,PORTTILA
06101,PORVOO
06400,PORVOO
06100,PORVOO
06151,PORVOO
06150,PORVOO
06450,PORVOO
06200,PORVOO
06500,PORVOO
06401,PORVOO
97900,POSIO
97901,POSIO
00011,POSTI
21540,PREITILÄ
00091,PRH
21480,PRUNKILA
93170,PUDASJÄRVI
93100,PUDASJÄRVI
93101,PUDASJÄRVI
82430,PUHOS
93390,PUHOSKYLÄ
07830,PUKARO
07560,PUKKILA
99170,PULJU
92600,PULKKILA
69830,PULKKINEN
71680,PULKONKOSKI
54120,PULP
54390,PULSA
58500,PUNKAHARJU
58501,PUNKAHARJU
58450,PUNKAHARJU
31901,PUNKALAIDUN
31900,PUNKALAIDUN
56510,PUNTALA
89210,PUOKIOVAARA
89200,PUOLANKA
89201,PUOLANKA
79265,PUPONMÄKI
68930,PURMO
62470,PURMOJÄRVI
56640,PURNUJÄRVI
49240,PUROLA
83140,PUROMÄKI
69340,PURONTAKA
59820,PURUJÄRVI
03850,PUSULA
58550,PUTIKKO
19850,PUTKIJÄRVI
41870,PUTKILAHTI
75770,PUUKARI
17970,PUUKKOINEN
52201,PUUMALA
52200,PUUMALA
41120,PUUPPOLA
14960,PUUTIKKALA
76620,PYHITTY
49270,PYHTÄÄ
86101,PYHÄJOKI
86100,PYHÄJOKI
86810,PYHÄJÄRVI
86900,PYHÄKUMPU
49660,PYHÄLTÖ
23930,PYHÄMAA
86240,PYHÄNKOSKI
92930,PYHÄNTÄ
23950,PYHÄRANTA
86801,PYHÄSALMI
86800,PYHÄSALMI
98530,PYHÄTUNTURI
73860,PYKÄLIKKÖ
43440,PYLKÖNMÄKI
31530,PYÖLI
22310,PÅLSBÖLE
17930,PÄIJÄLÄ
10140,PÄIVÖLÄ
36601,PÄLKÄNE
36600,PÄLKÄNE
68910,PÄNNÄINEN
61980,PÄNTÄNE
93225,PÄRJÄNSUO
21670,PÄRNÄINEN
43480,PÄÄJÄRVI
71820,PÖLJÄ
74550,PÖRSÄNMÄKI
21880,PÖYTYÄ
92101,RAAHE
92130,RAAHE
92100,RAAHE
92120,RAAHE
92150,RAAHE
97590,RAAJÄRVI
97250,RAANUJÄRVI
10611,RAASEPORI
25320,RAATALA
99340,RAATTAMA
85180,RAHJA
68390,RAHKONEN
51720,RAHULA
36520,RAIKKU
58320,RAIKUU
65800,RAIPPALUOTO
21210,RAISIO
21200,RAISIO
21260,RAISIO
21280,RAISIO
21220,RAISIO
21201,RAISIO
21120,RAISIO
97715,RAISKIO
05201,RAJAMÄKI
05200,RAJAMÄKI
64550,RANGSBY
43540,RANTAKYLÄ
63250,RANTALA
58901,RANTASALMI
58900,RANTASALMI
58910,RANTASALMI AS
63410,RANTATÖYSÄ
92500,RANTSILA
92501,RANTSILA
97700,RANUA
97701,RANUA
74670,RAPAKKOJOKI
54250,RAPATTILA
82335,RASIVAARA
97330,RATTOSJÄRVI
47260,RATULA
99510,RAUDANJOKI
55320,RAUHA
55300,RAUHA
99135,RAUHALA
26100,RAUMA
26820,RAUMA
26200,RAUMA
26661,RAUMA
26660,RAUMA
26510,RAUMA
26101,RAUMA
26102,RAUMA
47150,RAUSSILA
36910,RAUTAJÄRVI
77700,RAUTALAMPI
73901,RAUTAVAARA
73900,RAUTAVAARA
23260,RAUTILA
85160,RAUTIO
97110,RAUTIOSAARI
56610,RAUTJÄRVI
99180,RAUTUSJÄRVI
49980,RAVIJOKI
80330,REIJOLA
27340,REILA
85900,REISJÄRVI
49520,REITKALLI
25380,REKIJOKI
74940,REMESKYLÄ
14300,RENKO
81390,REVONKYLÄ
92350,REVONLAHTI
21870,RIIHIKOSKI
21871,RIIHIKOSKI
11111,RIIHIMÄKI
11310,RIIHIMÄKI
11100,RIIHIMÄKI
11910,RIIHIMÄKI
11130,RIIHIMÄKI
11311,RIIHIMÄKI
11120,RIIHIMÄKI
11101,RIIHIMÄKI
11710,RIIHIMÄKI
42820,RIIHO
99720,RIIPI
71160,RIISTAVESI
73970,RIITASALO
39580,RIITIALA
65470,RIMAL
14450,RIMMILÄ
62150,RINTAKANGAS
62410,RINTALA
35240,RISTAKALLIO
32830,RISTE
83320,RISTI
52300,RISTIINA
52301,RISTIINA
88401,RISTIJÄRVI
88400,RISTIJÄRVI
97850,RISTILÄ
41540,RISTIMÄKI
51890,RISULAHTI
63640,RITOLA
37720,RITVALA
91670,ROKUA
81160,ROMPPALA
25950,ROSALA
83150,ROUKALAHTI
91510,ROVA
96440,ROVANIEMI
96400,ROVANIEMI
96301,ROVANIEMI
96910,ROVANIEMI
96700,ROVANIEMI
96101,ROVANIEMI
96200,ROVANIEMI
96500,ROVANIEMI
96300,ROVANIEMI
96460,ROVANIEMI
96100,ROVANIEMI
96960,ROVANIEMI
97999,ROVANIEMI
96201,ROVANIEMI
96600,ROVANIEMI
96800,ROVANIEMI
96190,ROVANIEMI
96320,ROVANIEMI
96102,ROVANIEMI
62190,RUHA
89920,RUHTINANSALMI
58570,RUHVANA
93830,RUKATUNTURI
75790,RUMO
74595,RUNNI
00027,RUOKAVIRASTO
95850,RUOKOJÄRVI
56101,RUOKOLAHTI
56100,RUOKOLAHTI
17870,RUOLAHTI
63150,RUONA
19460,RUORASMÄKI
46730,RUOTILA
68320,RUOTSALO
07990,RUOTSINKYLÄ
07970,RUOTSINPYHTÄÄ
34600,RUOVESI
34601,RUOVESI
21291,RUSKO
21290,RUSKO
04370,RUSUTJÄRVI
41710,RUTALAHTI
32620,RUTAVA
66420,RUTO
15580,RUUHIJÄRVI
41440,RUUHIMÄKI
97335,RUUHIVAARA
92401,RUUKKI
92400,RUUKKI
36110,RUUTANA
98840,RUUVAOJA
83835,RUVASLAHTI
52270,RYHÄLÄ
21140,RYMÄTTYLÄ
98420,RYTI-LEHTOLA
93240,RYTINKI
12310,RYTTYLÄ
44440,RÄIHÄ
85940,RÄISÄLÄNMÄKI
71330,RÄSÄLÄ
69820,RÄYRINKI
12820,RÄYSKÄLÄ
82300,RÄÄKKYLÄ
82301,RÄÄKKYLÄ
58390,RÖNKÖNVAARA
39430,RÖYHIÖ
05100,RÖYKKÄ
21150,RÖÖLÄ
41820,SAAKOSKI
79160,SAAMAISKYLÄ
46570,SAARAMAA
72840,SAARELA
96900,SAARENKYLÄ
43960,SAARENSALMI
04920,SAARENTAUS
59511,SAARI
59510,SAARI
59520,SAARI KK
97760,SAARIHARJU
43100,SAARIJÄRVI
43101,SAARIJÄRVI
92440,SAARIKOSKI
97680,SAARI-KÄMÄ
72490,SAARINEN
95920,SAARIPUDAS
99831,SAARISELKÄ
99830,SAARISELKÄ
83840,SAARIVAARA
31950,SADONMAA
04770,SAHAKYLÄ
36430,SAHALAHTI
36420,SAHALAHTI
62860,SAHI
42660,SAHRAJÄRVI
98950,SAIJA
54915,SAIMAANHARJU
45750,SAIRAALAMÄKI
12630,SAJANIEMI
89440,SAKARA
74230,SALAHMI
69970,SALAMAJÄRVI
98901,SALLA
98900,SALLA
36450,SALMENTAKA
63160,SALMI
87930,SALMIJÄRVI
98660,SALMIVAARA
24280,SALO
24130,SALO
24101,SALO
24240,SALO
24100,SALO
24260,SALO
24102,SALO
92160,SALOINEN
35550,SALOKUNTA
83130,SALOKYLÄ
49770,SALO-MIEHIKKÄLÄ
71610,SALONKULMA
56120,SALOSAARI
22430,SALTVIK
09220,SAMMATTI
29830,SAMMI
32710,SAMPU
91620,SANGINKYLÄ
07310,SANNAINEN
00040,SANOMA
00089,SANOMA
00058,SANTANDER
23960,SANTTIO
14930,SAPPEE
63340,SAPSALAMPI
39980,SARA
93250,SARAJÄRVI
75890,SARAMO
37180,SARKOLA
39960,SARVELA
66340,SARVIJOKI
79895,SARVIKUMPU
81360,SARVINKI
02390,SARVVIK
39130,SASI
99750,SASSALI
38360,SASTAMALA
38201,SASTAMALA
38280,SASTAMALA
38130,SASTAMALA
38220,SASTAMALA
32740,SASTAMALA
38270,SASTAMALA
38420,SASTAMALA
38211,SASTAMALA
32730,SASTAMALA
38200,SASTAMALA
38120,SASTAMALA
38470,SASTAMALA
38300,SASTAMALA
38140,SASTAMALA
38100,SASTAMALA
38510,SASTAMALA
38250,SASTAMALA
32741,SASTAMALA
38210,SASTAMALA
38460,SASTAMALA
99650,SATTANEN
99655,SATTASVAARA
09430,SAUKKOLA
62750,SAUKONKYLÄ
98510,SAUNAVAARA
41580,SAUVAMÄKI
21570,SAUVO
21571,SAUVO
45460,SAVERO
31170,SAVIJOKI
75650,SAVIKYLÄ
54800,SAVITAIPALE
54801,SAVITAIPALE
62810,SAVONJOKI
62640,SAVONKYLÄ
57710,SAVONLINNA
57510,SAVONLINNA
57210,SAVONLINNA
57170,SAVONLINNA
57230,SAVONLINNA
57130,SAVONLINNA
57101,SAVONLINNA
57600,SAVONLINNA
57120,SAVONLINNA
57201,SAVONLINNA
57310,SAVONLINNA
57100,SAVONLINNA
57220,SAVONLINNA
57200,SAVONLINNA
57810,SAVONLINNA
57102,SAVONLINNA
58300,SAVONRANTA
98800,SAVUKOSKI
77480,SAVUNIEMI
22810,SEGLINGE
60280,SEINÄJOKI
60200,SEINÄJOKI
60110,SEINÄJOKI
60150,SEINÄJOKI
60420,SEINÄJOKI
60220,SEINÄJOKI
60101,SEINÄJOKI
60120,SEINÄJOKI
60320,SEINÄJOKI
60100,SEINÄJOKI
60111,SEINÄJOKI
63355,SEINÄJÄRVI
99520,SEIPÄJÄRVI
03320,SELKI
47810,SELÄNPÄÄ
99930,SEVETTIJÄRVI
95800,SIEPPIJÄRVI
85430,SIEVI
85340,SIEVI
85320,SIEVI
85470,SIEVI
85450,SIEVI
85410,SIEVI
85310,SIEVI AS
29811,SIIKAINEN
29810,SIIKAINEN
92320,SIIKAJOKI
73830,SIIKAJÄRVI
97685,SIIKA-KÄMÄ
77430,SIIKAMÄKI
71800,SIILINJÄRVI
71801,SIILINJÄRVI
64490,SIIPYY
33450,SIIVIKKALA
69750,SILLANPÄÄ
49220,SILTAKYLÄ
58420,SILVOLA
58170,SIMANALA
95200,SIMO
95201,SIMO
54330,SIMOLA
95220,SIMONIEMI
56800,SIMPELE
56801,SIMPELE
39110,SIMUNA
97220,SINETTÄ
65710,SINGSBY
92520,SIPOLA
04131,SIPOO
04130,SIPOO
46710,SIPPOLA
99130,SIRKKA
99131,SIRKKA
95780,SIRKKAKOSKI
44320,SIRKKAMÄKI
97970,SIRNIÖ
62720,SISSALA
39450,SISÄTTÖ
02580,SIUNTIO
02570,SIUNTIO KK
37200,SIURO
99610,SIURUNMAA
73640,SIVAKKAVAARA
49610,SIVATTI
64480,SKAFTUNG
07870,SKINNARBY
10680,SKOGBY
68750,SMÅBÖNDERS
10710,SNAPPERTUNA
99601,SODANKYLÄ
99600,SODANKYLÄ
63800,SOINI
66910,SOKALUOTO
83760,SOLA
54940,SOLKEI
52360,SOMEENJÄRVI
54580,SOMERHARJU
31470,SOMERNIEMI
31401,SOMERO
31400,SOMERO
43840,SOMPALA
97240,SONKA
82915,SONKAJA
74301,SONKAJÄRVI
74300,SONKAJÄRVI
74360,SONKAKOSKI
79130,SORSAKOSKI
93270,SOTKAJÄRVI
88601,SOTKAMO
88600,SOTKAMO
83750,SOTKUMA
22720,SOTTUNGA
23840,SOUKAINEN
00088,S-RYHMÄ
87788,S-RYHMÄ
00019,SSC
25650,STRÖMMA
82210,SUHMURA
36120,SUINULA
74340,SUKEVA
97690,SULAOJA
58700,SULKAVA
58701,SULKAVA
74640,SULKAVANJÄRVI
63350,SULKAVANKYLÄ
65450,SULVA
44280,SUMIAINEN
49480,SUMMA
22530,SUND
68690,SUNDBY
65410,SUNDOM
02450,SUNDSBERG
54550,SUO-ANTTILA
44201,SUOLAHTI
44200,SUOLAHTI
44220,SUOLAHTI
89330,SUOLIJÄRVI
52830,SUOMENNIEMI
39920,SUOMIJÄRVI
25410,SUOMUSJÄRVI
89601,SUOMUSSALMI
89600,SUOMUSSALMI
89800,SUOMUSSALMI KK
98720,SUOMUTUNTURI
77600,SUONENJOKI
77601,SUONENJOKI
97920,SUONNANKYLÄ
23880,SUONTAKA
77690,SUONTEE
97810,SUORSA
44670,SUOVANLAHTI
31230,SUSIKAS
32760,SUTTILA
79860,SUURAHO
59810,SUURIKYLÄ
38860,SUURIMAA
49760,SUUR-MIEHIKKÄLÄ
07390,SUURPELLINKI
98550,SUVANTO
66260,SVARVAR
61150,SYDÄNMAA
69410,SYKÄRÄINEN
51380,SYNSIÖ
69420,SYRI
19250,SYRJÄKOSKI
19700,SYSMÄ
19701,SYSMÄ
99740,SYVÄJÄRVI
71570,SYVÄNNIEMI
73230,SYVÄRINPÄÄ
52520,SYVÄSMÄKI
56310,SYYSPOHJA
93280,SYÖTE
97950,SÄIKKÄ
58360,SÄIMEN
41560,SÄKINMÄKI
27801,SÄKYLÄ
27820,SÄKYLÄ
27800,SÄKYLÄ
27920,SÄKYLÄ
27910,SÄKYLÄ
04740,SÄLINKÄÄ
91640,SÄRKIJÄRVI
19730,SÄRKILAMPI
62570,SÄRKILÄ
59310,SÄRKISALMI
25630,SÄRKISALO
91760,SÄRÄISNIEMI
72550,SÄVIÄ
72530,SÄVIÄNTAIPALE
73770,SÄYNEINEN
40900,SÄYNÄTSALO
04630,SÄÄKSJÄRVI
37700,SÄÄKSMÄKI
62880,SÄÄKSVESI
61170,SÄÄSKINIEMI
47440,SÄÄSKJÄRVI
01151,SÖDERKULLA
01150,SÖDERKULLA
65970,SÖDERUDDEN
65930,SÖDRA VALLGRUND
29570,SÖÖRMARKKU
25900,TAALINTEHDAS
97430,TAAPAJÄRVI
21555,TAATILA
54501,TAAVETTI
54500,TAAVETTI
51260,TAHKOMÄKI
73310,TAHKOVUORI
00097,TAIDEYLIOPISTO
95260,TAINIONJOKI
66350,TAINUS
54920,TAIPALSAARI
63370,TAIPALUS
93400,TAIVALKOSKI
93401,TAIVALKOSKI
61290,TAIVALMAA
23310,TAIVASSALO
23311,TAIVASSALO
89660,TAKALO
66280,TAKLAX
90050,TALENOM
71640,TALLUSKYLÄ
04240,TALMA
85230,TALUS
35420,TALVIAINEN
31300,TAMMELA
32450,TAMMIAINEN
19910,TAMMIJÄRVI
10601,TAMMISAARI
10600,TAMMISAARI
10620,TAMMISAARI
10650,TAMMISAARI
10660,TAMMISAARI
33251,TAMPERE
33231,TAMPERE
33711,TAMPERE
33330,TAMPERE
33531,TAMPERE
33840,TAMPERE
33300,TAMPERE
33520,TAMPERE
33801,TAMPERE
33730,TAMPERE
33701,TAMPERE
33180,TAMPERE
33410,TAMPERE
33580,TAMPERE
33210,TAMPERE
33230,TAMPERE
33311,TAMPERE
33530,TAMPERE
33821,TAMPERE
33541,TAMPERE
33850,TAMPERE
33250,TAMPERE
33721,TAMPERE
33201,TAMPERE
33420,TAMPERE
33101,TAMPERE
33401,TAMPERE
33610,TAMPERE
33901,TAMPERE
33341,TAMPERE
33700,TAMPERE
33710,TAMPERE
33271,TAMPERE
33501,TAMPERE
33800,TAMPERE
33331,TAMPERE
33540,TAMPERE
33841,TAMPERE
33310,TAMPERE
33521,TAMPERE
33820,TAMPERE
33561,TAMPERE
33240,TAMPERE
33720,TAMPERE
33200,TAMPERE
33411,TAMPERE
33680,TAMPERE
33100,TAMPERE
33400,TAMPERE
33581,TAMPERE
33900,TAMPERE
33340,TAMPERE
33211,TAMPERE
33270,TAMPERE
33500,TAMPERE
33731,TAMPERE
33560,TAMPERE
33851,TAMPERE
33870,TAMPERE
33014,TAMPEREEN YLIOPISTO
99640,TANHUA
99695,TANKAVAARA
91240,TANNILA
97280,TAPIO
98350,TAPIONNIEMI
95940,TAPOJÄRVI
59610,TARNALA
37770,TARTTILA
43130,TARVAALA
21450,TARVASJOKI
62610,TARVOLA
49300,TAVASTILA
92910,TAVASTKENKÄ
71740,TAVINSALMI
68700,TEERIJÄRVI
00060,TEHY
25570,TEIJO
58610,TELAKANAVA
00051,TELIA
91950,TEMMES
10520,TENHOLA
16630,TENNILÄ
97615,TENNIROVA
99150,TEPASTO
99280,TEPSA
31490,TERTTILÄ
38370,TERVAHAUTA
66441,TERVAJOKI
66440,TERVAJOKI
12401,TERVAKOSKI
12400,TERVAKOSKI
03220,TERVALAMPI
72211,TERVO
72210,TERVO
95300,TERVOLA
95330,TERVOLA
34260,TERÄLAHTI
07955,TESJOKI
31250,TEURO
64701,TEUVA
64700,TEUVA
39590,TEVANIEMI
97540,TIAINEN
74980,TIHILÄNKANGAS
77580,TIHUSNIEMI
62165,TIISTENJOKI
72330,TIITILÄNKYLÄ
41160,TIKKAKOSKI
41161,TIKKAKOSKI
41860,TIKKALA
82350,TIKKALA
00022,TILASTOKESKUS
78480,TIMOLA
07360,TIRMO
46430,TIRVA
64140,TIUKKA
55330,TIURUNIEMI
22330,TJUDÖ
36340,TOHKALA
82601,TOHMAJÄRVI
82600,TOHMAJÄRVI
69301,TOHOLAMPI
69300,TOHOLAMPI
34970,TOISVESI
41661,TOIVAKKA
41660,TOIVAKKA
70900,TOIVALA
70901,TOIVALA
81350,TOKRAJÄRVI
06750,TOLKKINEN
82380,TOLOSENMÄKI
97925,TOLVA
12920,TOPENO
17710,TORITTU
95410,TORNIO
95430,TORNIO
95401,TORNIO
95590,TORNIO
95530,TORNIO
95490,TORNIO
95400,TORNIO
95421,TORNIO
95520,TORNIO
94430,TORNIO
95560,TORNIO
95440,TORNIO
95470,TORNIO
95420,TORNIO
95540,TORNIO
95500,TORNIO
94460,TORNIO
95460,TORNIO
95450,TORNIO
07550,TORPPI
22910,TORSHOLMA
21340,TORTINMÄKI
99540,TORVINEN
14690,TORVOILA
72930,TOSSAVANLAHTI
97145,TOTONVAARA
37310,TOTTIJÄRVI
00059,TRAFICOM
88120,TUHKAKYLÄ
27730,TUISKULA
00055,TULOREKISTERI
85730,TULPPO
69730,TUNKKARI
46110,TUOHIKOTTI
25160,TUOHITTU
60720,TUOMIKYLÄ
00085,TUOMIOISTUINVIRASTO
92470,TUOMIOJA
83985,TUOPANJOKI
29790,TUORILA
71775,TUOVILANLAHTI
91910,TUPOS
79180,TUPPURINMÄKI
14200,TURENKI
14201,TURENKI
12350,TURKHAUTA
20100,TURKU
20210,TURKU
20520,TURKU
20500,TURKU
20751,TURKU
20381,TURKU
20740,TURKU
20880,TURKU
20250,TURKU
20360,TURKU
20701,TURKU
20321,TURKU
20811,TURKU
20540,TURKU
20800,TURKU
20201,TURKU
20380,TURKU
20720,TURKU
20300,TURKU
20611,TURKU
20900,TURKU
20241,TURKU
20320,TURKU
20700,TURKU
20460,TURKU
20750,TURKU
20521,TURKU
20200,TURKU
20810,TURKU
20501,TURKU
20960,TURKU
20101,TURKU
20361,TURKU
20240,TURKU
20251,TURKU
20610,TURKU
20400,TURKU
20741,TURKU
20730,TURKU
20541,TURKU
20801,TURKU
31860,TURSA
95645,TURTOLA
20014,TURUN YLIOPISTO
83160,TUTJUNNIEMI
52610,TUUKKALA
14870,TUULOS
14810,TUULOS
14840,TUULOS
14820,TUULOS
38680,TUUNAJÄRVI
82730,TUUPOVAARA
63610,TUURI
71210,TUUSJÄRVI
58940,TUUSMÄKI
71201,TUUSNIEMI
71200,TUUSNIEMI
52740,TUUSTAIPALE
04380,TUUSULA
04301,TUUSULA
04321,TUUSULA
04300,TUUSULA
04360,TUUSULA
04320,TUUSULA
04340,TUUSULA
04310,TUUSULA
85140,TYNKÄ
85150,TYPPÖ
81420,TYRJÄNSAARI
91800,TYRNÄVÄ
14620,TYRVÄNTÖ
93540,TYRÖVAARA
00032,TYÖTERVEYSLAITOS
20032,TYÖTERVEYSLAITOS
33032,TYÖTERVEYSLAITOS
70032,TYÖTERVEYSLAITOS
90032,TYÖTERVEYSLAITOS
10120,TÄHTELÄ
66295,TÖJBY
65460,TÖLBY
95315,TÖRMÄ
89110,TÖRMÄNMÄKI
63600,TÖYSÄ
81281,UIMAHARJU
81280,UIMAHARJU
99760,UIMANIEMI
81290,UKKOLA
68370,ULLAVA
28401,ULVILA
28400,ULVILA
46810,UMMELJOKI
26910,UNAJA
97370,UNARIN-LUUSUA
61440,UNTAMALA
02470,UPINNIEMI
02471,UPINNIEMI
17150,URAJÄRVI
31761,URJALA
31760,URJALA
31700,URJALA AS
31720,URJALANKYLÄ
54510,URO
82170,USKALI
91601,UTAJÄRVI
91600,UTAJÄRVI
99981,UTSJOKI
99980,UTSJOKI
45410,UTTI
45411,UTTI
56330,UTULA
21740,UTÖ
59730,UUKUNIEMI
59720,UUKUNIEMI
59710,UUKUNIEMI
41231,UURAINEN
41230,UURAINEN
66900,UUSIKAARLEPYY
66901,UUSIKAARLEPYY
21930,UUSIKARTANO
23501,UUSIKAUPUNKI
23500,UUSIKAUPUNKI
16100,UUSIKYLÄ
03710,UUSITALO
79850,UUSI-VALAMO
82660,UUSI-VÄRTSILÄ
40801,VAAJAKOSKI
40800,VAAJAKOSKI
77910,VAAJASALMI
91700,VAALA
91701,VAALA
99710,VAALAJÄRVI
49930,VAALIMAA
89680,VAARANNIVA
72710,VAARASLAHTI
66999,VAASA
65170,VAASA
65231,VAASA
65201,VAASA
65301,VAASA
65101,VAASA
65370,VAASA
65230,VAASA
65280,VAASA
65100,VAASA
65320,VAASA
65200,VAASA
65300,VAASA
65130,VAASA
65350,VAASA
65380,VAASA
65102,VAASA
95830,VAATTOJÄRVI
43560,VAHANKA
21310,VAHTO
54270,VAINIKKALA
83450,VAIVIO
00084,VAKUUTUSKESKUS
00039,VALIO
19770,VALITTULA
37630,VALKEAKOSKI
37601,VALKEAKOSKI
37600,VALKEAKOSKI
46230,VALKEALA
45360,VALKEALA
45371,VALKEALA
45370,VALKEALA
79190,VALKEAMÄKI
44770,VALKEISJÄRVI
07910,VALKO
41360,VALKOLA
00093,VALO
00049,VALTERI
40049,VALTERI
50049,VALTERI
70049,VALTERI
90049,VALTERI
75701,VALTIMO
75700,VALTIMO
00054,VALTIOKONTTORI
00023,VALTIONEUVOSTO
32610,VAMPULA
77140,VANAJA
64810,VANHAKYLÄ
93590,VANHALA
21410,VANHALINNA
51130,VANHAMÄKI
28450,VANHA-ULVILA
01300,VANTAA
01530,VANTAA
01680,VANTAA
01510,VANTAA
01661,VANTAA
01721,VANTAA
01710,VANTAA
01420,VANTAA
01630,VANTAA
01370,VANTAA
01261,VANTAA
01391,VANTAA
01620,VANTAA
01750,VANTAA
01201,VANTAA
01451,VANTAA
01650,VANTAA
01260,VANTAA
01490,VANTAA
01351,VANTAA
01720,VANTAA
01601,VANTAA
01280,VANTAA
01520,VANTAA
01671,VANTAA
01200,VANTAA
01450,VANTAA
01641,VANTAA
01770,VANTAA
01390,VANTAA
01660,VANTAA
01700,VANTAA
01230,VANTAA
01600,VANTAA
01730,VANTAA
01350,VANTAA
01711,VANTAA
01611,VANTAA
01741,VANTAA
01361,VANTAA
01301,VANTAA
01511,VANTAA
01670,VANTAA
01400,VANTAA
01621,VANTAA
01760,VANTAA
01380,VANTAA
01480,VANTAA
01651,VANTAA
01531,VANTAA
01690,VANTAA
01640,VANTAA
01610,VANTAA
01740,VANTAA
01360,VANTAA
01340,VANTAA
01532,VANTAA
01030,VANTAAN KAUPUNKI
97625,VANTTAUSKOSKI
31930,VANTTILA
83660,VARISLAHTI
79820,VARISTAIPALE
90470,VARJAKKA
78210,VARKAUS
78400,VARKAUS
78300,VARKAUS
78900,VARKAUS
78850,VARKAUS
78310,VARKAUS
78500,VARKAUS
78201,VARKAUS
78710,VARKAUS
78250,VARKAUS
78200,VARKAUS
78870,VARKAUS
78610,VARKAUS
78202,VARKAUS
00098,VARMA
73200,VARPAISJÄRVI
73201,VARPAISJÄRVI
71690,VARPASMAA
71150,VARTIALA
25210,VARTSALA
26740,VASARAINEN
62540,VASIKKA-AHO
25260,VASKIO
34710,VASKIVESI
34730,VASKUU
66590,VASSOR
49290,VASTILA
43660,VASTINKI
38920,VATAJANKOSKI
86680,VATJUSJÄRVI
31610,VAULAMMI
66430,VEDENOJA
49630,VEHKAJOKI
36880,VEHKAJÄRVI
54960,VEHKATAIPALE
23210,VEHMAA
71310,VEHMERSALMI
41180,VEHNIÄ
63950,VEHUNKYLÄ
66520,VEIKKAALA
01009,VEIKKAUS
02880,VEIKKOLA
46140,VEKARANJÄRVI
34270,VELAATTA
21195,VELKUA
92830,VENEHEITTO
95840,VENEJÄRVENKYLÄ
41530,VENERANTA
38760,VENESJÄRVI
38750,VENESKOSKI
77120,VENETMÄKI
86790,VENETPALO
31650,VENÄJÄNKANGAS
47850,VERLA
26930,VERMUNTILA
00053,VERO
00052,VERO
39290,VESAJÄRVI
41940,VESANKA
72300,VESANTO
17630,VESIJAKO
86870,VESIKOSKI
37470,VESILAHTI
37370,VESILAHTI
37420,VESILAHTI
37350,VESILAHTI
37380,VESILAHTI
17130,VESIVEHMAA
25820,VESTLAX
69701,VETELI
69700,VETELI
95225,VIANTIE
81860,VIEKIJÄRVI
74200,VIEREMÄ
19110,VIERUMÄKI
19120,VIERUMÄKI
86401,VIHANTI
86400,VIHANTI
44260,VIHIJÄRVI
79940,VIHTARI
83915,VIHTASUO
41331,VIHTAVUORI
41330,VIHTAVUORI
38720,VIHTELJÄRVI
03400,VIHTI
03790,VIHTIJÄRVI
83400,VIINIJÄRVI
97620,VIIRI
17410,VIITAILA
73710,VIITANIEMI
44501,VIITASAARI
44500,VIITASAARI
97510,VIKAJÄRVI
65480,VIKBY
39310,VILJAKKALA
79520,VILJOLAHTI
58350,VILLALA
64830,VILLAMO
16270,VILLIKKALA
15540,VILLÄHDE
35700,VILPPULA
35701,VILPPULA
62800,VIMPELI
23201,VINKKILÄ
23200,VINKKILÄ
62870,VINNI
16310,VIRENOJA
56210,VIRMUTJOKI
49900,VIROLAHTI
49901,VIROLAHTI
34800,VIRRAT
34801,VIRRAT
77330,VIRTASALMI
32560,VIRTTAA
57090,VISMA
00047,VISMA
34870,VISUVESI
52320,VITSIÄLÄ
45911,VOIKKAA
45910,VOIKKAA
52920,VOIKOSKI
26950,VOILUOTO
27740,VOITOINEN
12950,VOJAKKALA
62310,VOLTTI
07450,VOOLAHTI
92610,VORNA
25710,VRETA
02044,VTT
47900,VUOHIJÄRVI
14430,VUOHINIEMI
51440,VUOJALAHTI
99530,VUOJÄRVI
88610,VUOKATTI
88270,VUOLIJOKI
61110,VUOLLE
81560,VUONISJÄRVI
81590,VUONISLAHTI
99410,VUONTISJÄRVI
70910,VUORELA
70911,VUORELA
51850,VUORENMAA
33430,VUORENTAUSTA
44590,VUORILAHTI
58580,VUORINIEMI
98360,VUOSTIMO
99690,VUOTSO
22550,VÅRDÖ
12450,VÄHIKKÄLÄ
17440,VÄHIMAA
66500,VÄHÄKYRÖ
66501,VÄHÄKYRÖ
86980,VÄLIAHO
54750,VÄLIJOKI
25910,VÄNOXA
98820,VÄRRIÖ
82655,VÄRTSILÄ
25830,VÄSTANFJÄRD
66550,VÄSTERHANKMO
01120,VÄSTERSKOG
35270,VÄSTILÄ
73470,VÄSTINNIEMI
17201,VÄÄKSY
17200,VÄÄKSY
35750,VÄÄRINMAJA
43430,VÄÄTÄISKYLÄ
66600,VÖYRI
52020,WOIKOSKI
04020,WOIKOSKI
33020,WOIKOSKI
67020,WOIKOSKI
78020,WOIKOSKI
90020,WOIKOSKI
00080,WÄRTSILÄ
00024,YLEISRADIO
32430,YLHÄINEN
62375,YLIHÄRMÄ
91200,YLI-II
54460,YLIJÄRVI
69170,YLI-KANNUS
91300,YLIKIIMINKI
62175,YLIKYLÄ
95270,YLIKÄRPPÄ
69450,YLI-LESTI
64610,YLIMARKKU
99310,YLI-MUONIO
97530,YLI-NAMPA
34130,YLINEN
91150,YLI-OLHAVA
95375,YLI-PAAKKOLA
38650,YLI-PUTTO
86230,YLIPÄÄ
97720,YLI-SIMO
93190,YLI-SIURUA
21430,YLISKULMA
61401,YLISTARO
61400,YLISTARO
61410,YLISTARO AS
95601,YLITORNIO
95600,YLITORNIO
68380,YLI-ULLAVA
61730,YLI-VALLI
84650,YLIVIESKA
84100,YLIVIESKA
84880,YLIVIESKA
84540,YLIVIESKA
84770,YLIVIESKA
84101,YLIVIESKA
84460,YLIVIESKA
84102,YLIVIESKA
89840,YLI-VUOKKI
95980,YLLÄSJÄRVI
41925,YLÄ-KINTAUS
42830,YLÄ-KOLKKI
75680,YLÄ-LUOSTA
54410,YLÄMAA
80401,YLÄMYLLY
80400,YLÄMYLLY
21901,YLÄNE
21900,YLÄNE
75840,YLÄ-VALTIMO
88730,YLÄ-VIEKSI
35740,YLÄ-VÄÄRI
33470,YLÖJÄRVI
33480,YLÖJÄRVI
33471,YLÖJÄRVI
25610,YLÖNKYLÄ
31410,YLÖPIRTTI
86170,YPPÄRI
32100,YPÄJÄ
32140,YPÄJÄ AS
68810,YTTERESSE
64220,YTTERMARK
10410,ÅMINNEFORS
22940,ÅVA
63701,ÄHTÄRI
63700,ÄHTÄRI
63660,ÄHTÄRINRANTA
68820,ÄHTÄVÄ
41390,ÄIJÄLÄ
34910,ÄIJÄNNEVA
56140,ÄITSAARI
95930,ÄKÄSJOENSUU
95970,ÄKÄSLOMPOLO
64770,ÄYSTÖ
44250,ÄÄNEKOIVISTO
44150,ÄÄNEKOSKI
44100,ÄÄNEKOSKI
44120,ÄÄNEKOSKI
44101,ÄÄNEKOSKI
22320,ÖDKARBY
68550,ÖJA
82750,ÖLLÖLÄ
66560,ÖSTERHANKMO
66141,ÖVERMALAX
66140,ÖVERMALAX
68970,ÖVERPURMO
